order_id,date,product,region,quantity,unit_price,customer_id,discount,total_amount
ORD0000,2024-07-08,Laptop,East,1,1196.7912032530362,CUST151,0.26166625240172703,883.6313341904606
ORD0001,2024-02-08,Laptop,South,8,806.6731527223674,CUST164,0.03159969140172112,6249.460240274297
ORD0002,2024-11-17,Laptop,East,1,527.2169313802942,CUST134,0.1958068865594325,423.98422550530086
ORD0003,2024-07-04,Laptop,Central,8,888.5065031001635,CUST194,0.009670852905877625,7039.311099222129
ORD0004,2024-03-24,Laptop,West,5,522.16541027313,CUST200,0.26772789271794145,1911.8358266525279
ORD0005,2024-12-05,Keyboard,West,5,1301.4364060232579,CUST058,0.05582548209029553,6143.91545623574
ORD0006,2024-04-02,Monitor,East,10,394.65171782651646,CUST160,0.15209541132757884,3346.2700247255684
ORD0007,2024-12-27,Tablet,North,3,1675.1588882782978,CUST080,0.08554939237834158,4595.550189746734
ORD0008,2024-12-24,Tablet,South,10,222.5828657702166,CUST163,0.28486909125950455,1591.7588706831873
ORD0009,2024-02-05,Monitor,West,10,1587.4416366703801,CUST009,0.27678882840366315,11480.555258971921
ORD0010,2024-12-13,Laptop,East,3,873.9490126321209,CUST173,0.2684189511794712,1918.093605831218
ORD0011,2024-02-08,Phone,South,7,509.34488727146606,CUST095,0.09051766683508262,3242.681235228923
ORD0012,2024-08-16,Phone,West,4,500.4561677209523,CUST102,0.09369244854119164,1814.26881591854
ORD0013,2024-02-12,Monitor,Central,6,1275.3234130122141,CUST055,0.0819208576167182,7025.086951677441
ORD0014,2024-09-16,Phone,Central,8,1717.667236425546,CUST195,0.06217117258163657,12887.022801855286
ORD0015,2024-05-12,Keyboard,South,7,1530.4926779746177,CUST118,0.1960424678152701,8613.157814878905
ORD0016,2024-03-21,Laptop,East,2,1979.8527657081543,CUST043,0.1619402624084051,3318.4697785987382
ORD0017,2024-06-19,Monitor,West,2,441.86708148526367,CUST085,0.2580751964147714,655.6642952834649
ORD0018,2024-02-14,Tablet,South,5,920.5010028986601,CUST059,0.2986867258714166,3227.79786090752
ORD0019,2024-06-28,Monitor,East,7,1777.4967850023938,CUST150,0.003597250213298231,12397.71879019385
ORD0020,2024-10-11,Phone,North,4,397.324818337051,CUST197,0.1457466858687289,1357.6641714041243
ORD0021,2024-03-07,Laptop,West,4,506.834078610155,CUST079,0.025649885705911844,1975.3353696877737
ORD0022,2024-01-04,Tablet,West,4,438.8935781955787,CUST032,0.1267678524644875,1533.0239273090822
ORD0023,2024-10-19,Tablet,North,8,362.1695091892828,CUST065,0.19136298129636908,2342.9093774094313
ORD0024,2024-12-07,Phone,West,2,1747.8005346861294,CUST036,0.015524680677883805,3441.3329789929853
ORD0025,2024-07-24,Tablet,South,1,1876.0414775637244,CUST038,0.1135951704831618,1662.9322260863903
ORD0026,2024-06-05,Tablet,South,9,816.7751313092934,CUST023,0.1533731050119134,6223.534139914865
ORD0027,2024-11-21,Keyboard,West,8,521.3574442056965,CUST094,0.11295929066403158,3699.7222170064692
ORD0028,2024-07-12,Phone,Central,1,543.5692548867501,CUST091,0.078741668491929,500.76770481605274
ORD0029,2024-12-20,Tablet,North,8,931.382400874272,CUST192,0.06494288485137456,6967.165926893579
ORD0030,2024-11-08,Keyboard,West,9,1891.285259508672,CUST067,0.22817532967081777,13137.665597268504
ORD0031,2024-03-26,Phone,East,6,951.0780590655932,CUST187,0.20988295060287515,4508.777938651505
ORD0032,2024-11-02,Laptop,North,3,560.7999608802943,CUST123,0.29568604814542127,1184.9377099424796
ORD0033,2024-09-14,Keyboard,South,4,1772.1569651188652,CUST115,0.26028954436853335,5243.532144474211
ORD0034,2024-10-09,Phone,West,8,802.8471823841759,CUST055,0.09551540311894309,5809.30328092675
ORD0035,2024-09-25,Tablet,North,8,1609.0898347930085,CUST026,0.1384520908694337,11090.46386215332
ORD0036,2024-09-26,Laptop,East,3,250.79247501048775,CUST157,0.2327886395635458,577.2325078200652
ORD0037,2024-10-20,Tablet,East,6,172.1730098485192,CUST184,0.20736970598867033,818.817260502284
ORD0038,2024-08-03,Laptop,South,3,1235.6585627778977,CUST029,0.04234449508503286,3550.0056745187107
ORD0039,2024-10-26,Monitor,West,9,1577.6235357631726,CUST037,0.19241559557608343,11466.577471810097
ORD0040,2024-08-04,Tablet,West,4,1287.34757151677,CUST124,0.16927623852391552,4277.720867750055
ORD0041,2024-07-05,Laptop,Central,5,1235.927202755867,CUST114,0.2660460293421238,4535.568389533753
ORD0042,2024-10-08,Tablet,Central,10,1871.301384788389,CUST047,0.13520077143176587,16182.999939836669
ORD0043,2024-07-10,Phone,Central,1,636.7021202678867,CUST165,0.05526003225130514,601.5179405674089
ORD0044,2024-11-28,Tablet,East,2,1716.0295663065824,CUST111,0.2531685023214744,2563.169862130751
ORD0045,2024-03-22,Monitor,South,4,1521.2092629741242,CUST064,0.09013383237921667,5536.387369006011
ORD0046,2024-02-26,Monitor,North,6,1998.2793844077048,CUST129,0.010267673184439373,11866.570228544422
ORD0047,2024-02-10,Monitor,West,4,1975.9533617125376,CUST004,0.04031822842617688,7585.145690862157
ORD0048,2024-02-28,Tablet,West,3,1721.7564789718942,CUST155,0.10073438971811696,4644.9491724583395
ORD0049,2024-06-03,Phone,North,1,1989.8866211500406,CUST012,0.14855926160980137,1694.270534024768
ORD0050,2024-09-17,Monitor,North,9,1278.534742443729,CUST169,0.18058524348419389,9428.852112088745
ORD0051,2024-08-09,Keyboard,West,8,725.6849116524982,CUST122,0.11430160912774805,5141.90366824712
ORD0052,2024-06-08,Monitor,West,8,898.5202338329182,CUST014,0.29410329539976343,5074.099776634327
ORD0053,2024-05-25,Keyboard,South,4,893.4581097982451,CUST019,0.11970050095571905,3146.042905889781
ORD0054,2024-04-02,Keyboard,Central,10,1184.8385285352167,CUST182,0.07102962564107052,11006.798914082434
ORD0055,2024-10-27,Laptop,Central,9,441.49825134605453,CUST143,0.10228113596997611,3567.071778026598
ORD0056,2024-02-25,Laptop,East,7,785.1834419822604,CUST025,0.20873591350190138,4349.012212674683
ORD0057,2024-10-15,Phone,East,7,891.1533771753069,CUST162,0.2616841214567928,4605.6688201015295
ORD0058,2024-11-15,Keyboard,East,5,436.2306363780123,CUST001,0.16987130494533945,1810.6378445967175
ORD0059,2024-11-15,Laptop,West,3,1754.4806831998842,CUST125,0.08946984063997596,4792.522728204223
ORD0060,2024-10-04,Phone,East,3,1237.323747257045,CUST151,0.2124592032346042,2923.3287893146753
ORD0061,2024-07-09,Monitor,North,5,1323.9151214478504,CUST024,0.2463941998357695,4988.550572241159
ORD0062,2024-06-28,Keyboard,South,9,1353.3695619713376,CUST009,0.02401079240438563,11887.866777351866
ORD0063,2024-01-13,Laptop,South,5,1502.1731845680301,CUST126,0.1104076942487495,6681.608534487863
ORD0064,2024-03-28,Phone,West,7,1714.5487064628142,CUST126,0.20717623611745806,9515.344711724543
ORD0065,2024-01-01,Tablet,East,9,578.2927124976172,CUST088,0.10082043660741187,4679.900898630507
ORD0066,2024-06-02,Laptop,South,2,956.2197363401667,CUST141,0.2194540051563927,1492.7469707814546
ORD0067,2024-05-20,Monitor,West,6,1203.3012108331818,CUST183,0.2243891735425043,5599.760679669776
ORD0068,2024-12-24,Phone,East,8,920.3348265055897,CUST023,0.026104845391626285,7170.477025209057
ORD0069,2024-03-10,Tablet,West,5,1139.3251611467804,CUST153,0.18411913431453136,4647.767993868356
ORD0070,2024-10-12,Phone,South,1,283.47402834035944,CUST161,0.19088093336265563,229.36424122667972
ORD0071,2024-03-19,Phone,Central,5,721.584747589336,CUST088,0.1466345870200277,3078.8773306331136
ORD0072,2024-01-08,Phone,Central,2,102.75582763195828,CUST080,0.2950875912668815,144.86771593481768
ORD0073,2024-08-04,Tablet,East,3,1816.369883568535,CUST108,0.1988434133110863,4365.59008825292
ORD0074,2024-04-27,Phone,East,1,793.4826382925218,CUST127,0.2497326985225735,595.3240778009192
ORD0075,2024-02-28,Phone,East,9,670.273758085345,CUST060,0.24365883158330476,4562.6007361438715
ORD0076,2024-09-03,Tablet,Central,1,491.3615129124634,CUST033,0.2735736249484196,356.9379626648612
ORD0077,2024-03-02,Keyboard,South,9,485.09898456985763,CUST175,0.1359378333638596,3772.401116763806
ORD0078,2024-01-27,Keyboard,North,9,1183.5090546337278,CUST138,0.2263537836719431,8240.55571896641
ORD0079,2024-07-23,Laptop,Central,7,192.42347763266577,CUST134,0.03527416394531983,1299.4513023500579
ORD0080,2024-06-12,Laptop,South,9,456.520627548773,CUST114,0.2548186990555781,3061.7157163028273
ORD0081,2024-03-28,Tablet,East,10,647.6835463466671,CUST013,0.0351657833982457,6249.0724704523245
ORD0082,2024-09-09,Tablet,East,10,451.6252107815183,CUST036,0.1861474732625172,3675.563189328869
ORD0083,2024-11-17,Tablet,West,5,1986.6312151235843,CUST028,0.031077597561465695,9624.457448584639
ORD0084,2024-01-13,Tablet,North,7,1910.7243366089313,CUST132,0.1631222100589609,11193.299320054883
ORD0085,2024-11-15,Phone,West,3,1391.4989916911786,CUST099,0.06304754121508645,3911.3052049853336
ORD0086,2024-07-11,Laptop,Central,1,621.5283213023419,CUST160,0.060460287117454777,583.9505405447726
ORD0087,2024-09-20,Laptop,North,10,1918.1700039845387,CUST055,0.06529791216916102,17929.175075388368
ORD0088,2024-02-02,Tablet,Central,9,1022.283689405177,CUST192,0.011810730268367842,9091.887952426743
ORD0089,2024-01-03,Tablet,North,3,115.55887925265017,CUST037,0.1798361206688513,284.3316560970401
ORD0090,2024-10-07,Phone,Central,4,1663.8644304518127,CUST089,0.10898280466346212,5930.127272965601
ORD0091,2024-12-18,Keyboard,East,10,964.6733784672675,CUST099,0.04290865147916177,9232.8054467939
ORD0092,2024-12-14,Keyboard,South,5,1919.9649601518104,CUST119,0.019038677254426994,9417.056834678357
ORD0093,2024-04-17,Tablet,Central,8,943.1318866571714,CUST032,0.025285495016946047,7354.274640294228
ORD0094,2024-08-25,Tablet,West,1,741.0271456873174,CUST158,0.015617786549722911,729.4539418984225
ORD0095,2024-09-03,Phone,West,8,348.7765474054689,CUST181,0.28674261409624946,1990.139587735682
ORD0096,2024-05-07,Keyboard,East,6,861.092415844538,CUST100,0.2732804148412833,3754.636339355159
ORD0097,2024-05-17,Laptop,West,6,1813.5192103573777,CUST039,0.06384955697579524,10186.360873253792
ORD0098,2024-10-20,Keyboard,West,1,1719.7861338654004,CUST020,0.25603359975558193,1279.4630992021068
ORD0099,2024-01-09,Tablet,South,1,1705.8764426126422,CUST133,0.0898726600876677,1552.5647889341565
ORD0100,2024-10-10,Keyboard,South,10,101.18850912453753,CUST049,0.07424157042233429,936.7611529843716
ORD0101,2024-06-15,Monitor,North,8,716.4030150816109,CUST066,0.28979633631868046,4070.3363678664296
ORD0102,2024-11-24,Monitor,North,7,1434.890707142937,CUST058,0.07152376933073222,9325.83340633304
ORD0103,2024-08-16,Monitor,Central,5,330.2167353331855,CUST121,0.07674028932230954,1524.3790376232416
ORD0104,2024-01-02,Laptop,East,3,1604.996302005979,CUST130,0.1534906045587276,4075.933347889678
ORD0105,2024-09-01,Laptop,West,8,1163.0861730422293,CUST033,0.036747024143286296,8962.769738885792
ORD0106,2024-09-19,Phone,West,3,1388.0042318670692,CUST136,0.21067543729784846,3286.7575000416305
ORD0107,2024-05-25,Keyboard,North,5,1449.4482377323018,CUST023,0.14113736474256483,6224.38466564005
ORD0108,2024-06-26,Tablet,East,8,1437.7453266801797,CUST009,0.00201948562341695,11478.734565302513
ORD0109,2024-02-24,Keyboard,North,6,1468.0071635227907,CUST105,0.16895654175165098,7319.866499443978
ORD0110,2024-03-15,Monitor,West,5,303.70404165215854,CUST180,0.02768608319441148,1476.4783314424894
ORD0111,2024-05-03,Keyboard,Central,5,1918.8256279158863,CUST108,0.1514861799884449,8140.750317394898
ORD0112,2024-08-15,Phone,East,3,362.23734485635407,CUST142,0.11050459132151932,966.6253653048312
ORD0113,2024-11-17,Keyboard,North,3,1400.847748915147,CUST141,0.27918720562313737,3029.2469411761945
ORD0114,2024-07-15,Keyboard,North,4,1604.355104484787,CUST066,0.04033524473196681,6158.572194833652
ORD0115,2024-09-05,Tablet,South,10,1454.4831693784424,CUST092,0.16420342692873827,12156.520485563298
ORD0116,2024-12-26,Laptop,West,5,125.48024678590055,CUST118,0.07822335219936677,578.3238062375179
ORD0117,2024-12-07,Monitor,East,1,275.0347178349951,CUST090,0.0704644889664791,255.6545369947124
ORD0118,2024-04-11,Phone,Central,6,1580.5859610209998,CUST002,0.05708674928028037,8942.132679289578
ORD0119,2024-02-22,Monitor,South,6,1957.75150200951,CUST173,0.2868155512585282,8377.427554400645
ORD0120,2024-11-04,Phone,West,3,1652.6189297514043,CUST118,0.19434755617043278,3994.309438419668
ORD0121,2024-09-26,Monitor,North,9,453.4445341063107,CUST008,0.0665988172540309,3809.210980000728
ORD0122,2024-08-08,Monitor,Central,10,699.9860630444443,CUST094,0.19913313213975964,5605.956458562249
ORD0123,2024-05-11,Tablet,Central,8,1640.5735241348407,CUST133,0.22088797775287863,10225.524448270258
ORD0124,2024-10-04,Tablet,West,3,1817.9312426608305,CUST024,0.0033928657324910684,5435.289738130745
ORD0125,2024-05-12,Monitor,West,3,685.9593148419075,CUST147,0.11155250939063972,1828.3164957942263
ORD0126,2024-06-22,Tablet,North,7,188.3122473994231,CUST198,0.12453310938181755,1154.0279638726638
ORD0127,2024-06-06,Monitor,South,5,976.1392383009957,CUST197,0.2580405017360648,3621.278897427733
ORD0128,2024-11-25,Keyboard,North,10,1324.834107590948,CUST022,0.1318192005994173,11501.955346014669
ORD0129,2024-06-04,Keyboard,Central,8,1983.9410748978557,CUST195,0.21090661003776182,12524.118306211805
ORD0130,2024-11-12,Laptop,South,1,1248.0129534819355,CUST062,0.15726232437015883,1051.7475355732993
ORD0131,2024-08-25,Monitor,West,2,522.0566097631088,CUST007,0.20290346281584692,832.2590317125455
ORD0132,2024-06-13,Monitor,East,10,1879.180625870574,CUST132,0.14889936545047633,15993.718231116165
ORD0133,2024-09-17,Phone,Central,9,1614.0931949331214,CUST139,0.04211347574383647,13915.063082880124
ORD0134,2024-03-06,Keyboard,South,10,1935.1775796978818,CUST184,0.0033508004388157265,19286.931858146436
ORD0135,2024-09-05,Laptop,Central,3,1465.2249684364085,CUST025,0.2538093372355122,3280.0115708899184
ORD0136,2024-12-16,Tablet,West,5,464.61403265334565,CUST124,0.15783700874359022,1956.4037175952242
ORD0137,2024-09-28,Tablet,South,1,1212.9876894665626,CUST026,0.17718576863539637,998.0635333631562
ORD0138,2024-01-13,Laptop,West,6,500.7352895900797,CUST137,0.023166337357753718,2934.81052166702
ORD0139,2024-04-15,Monitor,South,6,253.5384234619398,CUST027,0.06690142733211006,1419.4580462928186
ORD0140,2024-09-28,Monitor,North,4,1558.8125574858543,CUST062,0.19049255281800864,5047.48149618242
ORD0141,2024-08-14,Phone,North,7,695.4080949691394,CUST196,0.03338488353468453,4705.343836966625
ORD0142,2024-09-11,Tablet,North,10,1445.9847369419767,CUST116,0.255711609779829,10762.296521414813
ORD0143,2024-07-05,Phone,South,1,1568.4147185926172,CUST151,0.14898006937536765,1334.7521850073413
ORD0144,2024-11-15,Laptop,Central,5,1056.0424541381399,CUST162,0.22614000859893382,4086.145022392509
ORD0145,2024-05-14,Laptop,South,5,1525.4135672139626,CUST124,0.16664941691173965,6356.021428442495
ORD0146,2024-07-04,Tablet,South,10,1121.2772426266772,CUST008,0.03474383174498151,10823.197747693792
ORD0147,2024-12-21,Monitor,South,5,1477.4771127551178,CUST023,0.23869929282397165,5624.021853884339
ORD0148,2024-04-10,Monitor,East,3,682.7863851386517,CUST173,0.14954406756081237,1742.0391954896227
ORD0149,2024-07-13,Keyboard,South,1,1445.1560636686297,CUST016,0.12049805329382718,1271.0175712907896
ORD0150,2024-03-21,Laptop,East,8,273.7526812049314,CUST019,0.2814305785939351,1573.682445934292
ORD0151,2024-10-23,Monitor,North,6,1651.1869252045142,CUST199,0.24460262624616932,7483.813601256917
ORD0152,2024-01-21,Laptop,Central,8,250.63110565209678,CUST057,0.13336862650146594,1737.6382346618625
ORD0153,2024-04-07,Tablet,South,1,1168.8206032592711,CUST158,0.2318291239467286,897.8539467547874
ORD0154,2024-02-12,Keyboard,West,4,842.2314729510377,CUST150,0.09914479736374196,3034.9144169277647
ORD0155,2024-02-10,Laptop,Central,10,756.1895654912277,CUST102,0.07246170291171541,7013.947818516632
ORD0156,2024-02-10,Keyboard,East,5,1534.499952675253,CUST068,0.12436654586218301,6718.297469676742
ORD0157,2024-08-08,Monitor,East,9,1858.707234100682,CUST036,0.07719252057624185,15437.0604391844
ORD0158,2024-11-27,Tablet,East,1,875.7382423919981,CUST098,0.2966333212448856,615.9650990101011
ORD0159,2024-11-23,Tablet,East,3,433.01172447358493,CUST041,0.03347457185008625,1255.5505271722923
ORD0160,2024-11-26,Tablet,East,3,832.0656223875937,CUST198,0.09966896146367064,2247.4035178037984
ORD0161,2024-11-17,Keyboard,West,2,135.57273804417133,CUST087,0.2773993160386839,195.9299064744531
ORD0162,2024-10-01,Tablet,Central,8,809.9394013589966,CUST164,0.05819904280661466,6102.413627748324
ORD0163,2024-09-18,Laptop,East,6,1018.8304034930053,CUST157,0.25435803510948607,4558.096223704318
ORD0164,2024-07-02,Laptop,Central,2,1209.0970955784376,CUST043,0.03647178822053519,2329.998324740873
ORD0165,2024-05-11,Keyboard,Central,5,1759.5311717229424,CUST004,0.22672697106898537,6802.989993283683
ORD0166,2024-10-10,Phone,West,3,785.408074518589,CUST145,0.1311837132481446,2047.125980664495
ORD0167,2024-12-28,Monitor,South,7,1615.2982516799616,CUST157,0.03156745005639675,10950.151833557085
ORD0168,2024-07-21,Phone,North,9,428.1549791393631,CUST029,0.2560822000429682,2866.6089910980345
ORD0169,2024-10-17,Laptop,West,7,302.955613548852,CUST089,0.2127052843273011,1669.6074754127405
ORD0170,2024-09-12,Keyboard,North,5,1404.7247875861153,CUST181,0.03533738634020045,6775.427425327644
ORD0171,2024-08-04,Monitor,Central,2,709.1500474602639,CUST016,0.048356368221856814,1349.7162532814561
ORD0172,2024-08-21,Keyboard,West,9,1719.886718024701,CUST181,0.2167319970584338,12124.19011421639
ORD0173,2024-05-13,Tablet,North,1,1608.8008691214313,CUST003,0.11317574536875347,1426.723631608715
ORD0174,2024-11-23,Phone,Central,4,559.5904131226255,CUST098,0.06385816011400787,2095.423995692708
ORD0175,2024-04-01,Keyboard,North,8,948.9154302233935,CUST009,0.1021351142143219,6815.982755022359
ORD0176,2024-10-14,Tablet,Central,5,1312.3812894415985,CUST095,0.28928729148636967,4663.630304108246
ORD0177,2024-03-15,Monitor,Central,7,1077.9635356023612,CUST115,0.15611030906194312,6367.776204313802
ORD0178,2024-04-19,Keyboard,Central,7,309.63765575429534,CUST125,0.054179398656529744,2050.0317163487703
ORD0179,2024-02-11,Laptop,North,7,764.8123607016294,CUST099,0.19909376515939625,4287.800917183669
ORD0180,2024-02-25,Tablet,West,5,568.7092731821351,CUST169,0.11911931928434226,2504.8250584499306
ORD0181,2024-06-14,Phone,North,5,1023.7072151773692,CUST009,0.2187647316149113,3998.7809049842194
ORD0182,2024-06-19,Keyboard,West,1,171.6496817491589,CUST167,0.24177168929808135,130.14964822518672
ORD0183,2024-08-27,Laptop,East,1,478.1320915972405,CUST154,0.19072151144911414,386.9420164154885
ORD0184,2024-01-11,Keyboard,East,5,105.21232320251315,CUST126,0.2776318942137808,380.0101330858345
ORD0185,2024-03-09,Phone,North,10,1288.4412466953272,CUST085,0.27925055698122164,9286.433109180776
ORD0186,2024-10-04,Laptop,Central,3,461.9514180816976,CUST072,0.049150408998039415,1317.7389508372735
ORD0187,2024-01-06,Laptop,North,1,292.8454230149621,CUST006,0.04297608375320248,280.260073588729
ORD0188,2024-03-17,Phone,Central,1,1868.6560444491524,CUST139,0.11090411885289327,1661.414392400386
ORD0189,2024-08-03,Laptop,East,7,1523.8908310454735,CUST031,0.28460276849924493,7631.310971475216
ORD0190,2024-12-04,Laptop,North,9,709.5942283193754,CUST168,0.16650840275238435,5322.967440836449
ORD0191,2024-11-16,Keyboard,East,6,149.9411724345888,CUST079,0.1488512353790297,765.7334621011208
ORD0192,2024-02-14,Laptop,Central,1,460.88767879355754,CUST179,0.08092624267212521,423.5897706549176
ORD0193,2024-05-25,Phone,East,7,1346.438703161886,CUST006,0.2927137207222576,6666.223344444433
ORD0194,2024-04-27,Keyboard,South,4,1961.4472478237703,CUST026,0.1756180456179822,6467.926862312759
ORD0195,2024-01-04,Tablet,West,6,196.36385254285648,CUST096,0.06354687853993131,1103.3132559340957
ORD0196,2024-11-02,Monitor,Central,8,915.0162567476495,CUST104,0.20824498456233526,5795.749683895596
ORD0197,2024-11-19,Tablet,North,8,1329.2377856811856,CUST051,0.1042040870170003,9525.806206366227
ORD0198,2024-05-25,Monitor,Central,6,1884.1825496107126,CUST020,0.04925819853653583,10748.226669017473
ORD0199,2024-12-06,Keyboard,North,10,1166.1109058135094,CUST146,0.17929076016347648,9570.379950752853
ORD0200,2024-03-03,Phone,East,9,890.7337440372177,CUST110,0.136667711244402,6920.992817203447
ORD0201,2024-01-01,Tablet,North,4,469.5774647108687,CUST078,0.25029866929484534,1408.1714006515642
ORD0202,2024-09-23,Phone,East,5,1613.528738889201,CUST126,0.016362752404838043,7935.634838183331
ORD0203,2024-03-06,Laptop,North,9,460.7198579657062,CUST164,0.087448460899557,3783.875539326684
ORD0204,2024-07-23,Monitor,North,9,522.9873669874253,CUST098,0.1162928510840036,4159.509074995874
ORD0205,2024-11-15,Keyboard,East,5,1264.3423295592575,CUST083,0.10906817829421492,5632.214074669827
ORD0206,2024-07-23,Keyboard,North,10,171.23410109262042,CUST142,0.025441373125458598,1668.7767043492058
ORD0207,2024-09-28,Monitor,South,7,216.5755487574708,CUST182,0.25495358761947956,1129.5118492776728
ORD0208,2024-02-19,Phone,West,4,917.6084980488035,CUST067,0.19061440107370592,2970.796415092352
ORD0209,2024-02-12,Laptop,South,1,255.7367737567293,CUST093,0.1469910314612601,218.14576159965273
ORD0210,2024-10-17,Laptop,North,1,390.77535930379946,CUST133,0.13794848271614388,336.86849140498435
ORD0211,2024-04-27,Tablet,North,7,1902.661858793342,CUST156,0.27962560911198864,9594.402143158735
ORD0212,2024-04-03,Keyboard,East,1,1405.825826324913,CUST066,0.022855777684830214,1373.694583774838
ORD0213,2024-01-22,Monitor,West,9,556.9063217089789,CUST060,0.047424196664040554,4774.459381063244
ORD0214,2024-05-27,Laptop,Central,4,1837.2877781314796,CUST017,0.14646204541180852,6272.779408544904
ORD0215,2024-01-08,Laptop,Central,6,1116.0289532738539,CUST075,0.04605469657991583,6387.783470738553
ORD0216,2024-04-08,Monitor,West,1,1080.0484635026005,CUST050,0.1997005283295313,864.3622147196327
ORD0217,2024-10-22,Laptop,South,7,1044.4785757957582,CUST155,0.13951118786494102,6291.334902909071
ORD0218,2024-10-16,Laptop,East,5,1714.153291809672,CUST127,0.12176135027809148,7527.178362076455
ORD0219,2024-08-15,Tablet,South,9,848.770272528135,CUST038,0.02021222256953572,7484.532649824518
ORD0220,2024-02-17,Keyboard,East,2,214.0423375261953,CUST138,0.0889993435989973,389.9854199679378
ORD0221,2024-12-02,Monitor,North,4,1161.1932364029294,CUST003,0.2810324274412607,3339.4411297929614
ORD0222,2024-12-04,Laptop,West,7,1937.4768575484923,CUST107,0.2643913718878213,9976.57285226239
ORD0223,2024-11-03,Keyboard,East,9,114.88461343601317,CUST062,0.2473853884896661,778.1745483869395
ORD0224,2024-06-27,Monitor,West,8,171.1122957088685,CUST080,0.27452748030790736,993.0981465456902
ORD0225,2024-07-06,Keyboard,North,9,334.65216059539546,CUST199,0.25958749304179396,2230.025806668752
ORD0226,2024-08-06,Laptop,South,2,1193.9364667604198,CUST179,0.10381524325475842,2139.9753240659197
ORD0227,2024-12-15,Phone,Central,4,1711.163639173215,CUST117,0.06079821212528965,6428.5117970307165
ORD0228,2024-01-16,Phone,North,8,1027.0111895224873,CUST019,0.2535044825368559,6133.273994904225
ORD0229,2024-12-23,Monitor,Central,6,1731.6178625102564,CUST145,0.2828884220551112,7450.579306693712
ORD0230,2024-06-11,Keyboard,East,10,1860.384580548549,CUST194,0.2978106652015442,13063.422110846897
ORD0231,2024-03-21,Monitor,South,10,727.5368145434545,CUST149,0.10059818482258413,6543.47931608778
ORD0232,2024-05-14,Phone,East,7,434.3420978558941,CUST137,0.0519819186547704,2882.349135797647
ORD0233,2024-03-17,Laptop,West,2,1461.2025180831972,CUST005,0.2979487327938245,2051.6781589303264
ORD0234,2024-06-11,Phone,Central,9,118.53216884483709,CUST133,0.29361507997936415,753.5640294839947
ORD0235,2024-11-07,Keyboard,North,3,1264.6978481160877,CUST045,0.17562643963287164,3127.750403520315
ORD0236,2024-02-27,Tablet,East,9,172.88396619148438,CUST032,0.23014916766740823,1197.8537874252652
ORD0237,2024-03-03,Keyboard,North,8,1966.3054019155445,CUST109,0.007250680800567088,15616.386792718593
ORD0238,2024-05-14,Monitor,Central,6,482.0051690669398,CUST040,0.25902231286518496,2142.9304521734794
ORD0239,2024-04-05,Tablet,West,10,503.36467496556907,CUST157,0.15358687303800783,4260.544685398141
ORD0240,2024-02-04,Tablet,East,3,1793.5033874685873,CUST017,0.14902370316806407,4578.686613070654
ORD0241,2024-04-16,Monitor,South,6,1284.5453757217563,CUST101,0.20214158803973062,6149.312001385608
ORD0242,2024-03-23,Tablet,Central,1,1896.9348453504329,CUST137,0.29349019078040456,1340.203075690537
ORD0243,2024-02-11,Tablet,East,2,1135.1650113800695,CUST016,0.15772890337266585,1912.2333579761428
ORD0244,2024-03-16,Monitor,East,7,981.49940896016,CUST131,0.25906537005447333,5090.588309587544
ORD0245,2024-09-27,Keyboard,North,5,1945.6937366575398,CUST087,0.29115073181405143,6896.017906718405
ORD0246,2024-09-19,Monitor,North,4,1630.6892578393597,CUST146,0.002780202885107208,6504.622443440006
ORD0247,2024-09-01,Keyboard,South,1,1558.941725752338,CUST162,0.11654249539124252,1377.2587668636306
ORD0248,2024-05-22,Keyboard,Central,4,1946.7418996197493,CUST141,0.035261159944608975,7512.390088505542
ORD0249,2024-02-07,Phone,East,7,826.7648094739553,CUST119,0.15111245471013812,4912.812447524704
ORD0250,2024-06-08,Keyboard,Central,5,1889.7977449934865,CUST188,0.01633954057654452,9294.596590288515
ORD0251,2024-11-23,Monitor,South,8,1623.2435760499889,CUST158,0.24355737572577432,9823.125044028258
ORD0252,2024-11-19,Keyboard,West,1,1888.663113618849,CUST121,0.06432395674158818,1767.1768291989968
ORD0253,2024-03-06,Laptop,Central,5,294.2123989649708,CUST166,0.08609317243586698,1344.4136008405474
ORD0254,2024-10-28,Keyboard,West,9,866.4657217326888,CUST055,0.10097734132043043,7010.750851261506
ORD0255,2024-10-17,Monitor,Central,2,1927.9387132225675,CUST183,0.07141805463477721,3580.498161738272
ORD0256,2024-03-19,Phone,West,3,1123.5819914409572,CUST139,0.24068327755613628,2559.463785413691
ORD0257,2024-01-04,Tablet,North,3,1835.656117507125,CUST039,0.057081447730477006,5192.622626353535
ORD0258,2024-02-05,Laptop,East,6,1422.9614553038439,CUST032,0.06253685145556963,8003.843556879037
ORD0259,2024-11-26,Keyboard,Central,2,407.86936866172493,CUST148,0.12410523162060888,714.5012923860202
ORD0260,2024-01-13,Tablet,North,2,823.4747735360718,CUST155,0.05889486541806371,1549.9526751469887
ORD0261,2024-08-05,Keyboard,East,4,1877.0084514535304,CUST149,0.16355605542217241,6280.049412558843
ORD0262,2024-08-19,Keyboard,East,7,1153.78965487137,CUST055,0.026262375042393225,7864.418787645733
ORD0263,2024-04-23,Laptop,South,6,1662.7532403832354,CUST104,0.029015164394772627,9687.04909059345
ORD0264,2024-08-11,Keyboard,West,9,360.28009191171833,CUST069,0.08672230206543312,2961.3219565750946
ORD0265,2024-10-09,Phone,East,6,578.8240673141013,CUST195,0.2689399791033727,2538.9308084767063
ORD0266,2024-07-27,Phone,Central,3,1775.6643084516897,CUST166,0.052237715146908614,5048.722986330773
ORD0267,2024-09-13,Laptop,Central,3,1459.7073546977329,CUST157,0.06777232917282273,4082.338762077504
ORD0268,2024-07-13,Keyboard,South,5,669.1413272819453,CUST064,0.22854900451975757,2581.0487152431374
ORD0269,2024-01-12,Tablet,South,4,294.3822281901596,CUST051,0.17865634789280938,967.1558976686322
ORD0270,2024-02-27,Phone,East,10,1660.572600755016,CUST165,0.05069599321930488,15763.882234469764
ORD0271,2024-12-15,Laptop,South,4,733.9570854098008,CUST165,0.2124690783072306,2312.0555998228765
ORD0272,2024-03-01,Tablet,Central,6,1832.7999205914875,CUST197,0.17558848645537395,9065.888139355791
ORD0273,2024-05-10,Tablet,South,1,1377.843726179946,CUST134,0.16229381003349158,1154.2282182274596
ORD0274,2024-09-13,Monitor,East,9,461.3366884548873,CUST080,0.2642908061685744,3054.6867883320415
ORD0275,2024-03-14,Monitor,West,5,841.8039222860824,CUST161,0.10203761859791975,3779.541273648111
ORD0276,2024-03-18,Keyboard,South,4,1211.019791381107,CUST117,0.17419223200764378,4000.278203660004
ORD0277,2024-12-02,Keyboard,West,3,1825.4731466020908,CUST095,0.16689143790714456,4562.451924914364
ORD0278,2024-05-21,Keyboard,South,2,1067.285136226781,CUST019,0.26805381529411804,1562.3905669089797
ORD0279,2024-10-25,Laptop,Central,7,1058.5204475443625,CUST048,0.11582159814446064,6551.4464234882935
ORD0280,2024-01-09,Monitor,East,1,1404.5027734804876,CUST020,0.1008836891979903,1262.8113522029666
ORD0281,2024-08-01,Monitor,West,9,1266.4078489613548,CUST185,0.06138104443628369,10698.069712588196
ORD0282,2024-10-16,Laptop,North,8,1742.6008304336626,CUST150,0.10880180423886356,12424.021728114705
ORD0283,2024-04-17,Monitor,North,5,126.69739661625312,CUST103,0.08122163433084886,582.0341349880864
ORD0284,2024-08-07,Laptop,Central,3,1642.6351531581897,CUST039,0.11017321669964271,4384.982263412525
ORD0285,2024-05-05,Phone,South,4,871.8207311264657,CUST025,0.19123794971958227,2820.382087931253
ORD0286,2024-08-17,Keyboard,West,9,1461.5933259213784,CUST182,0.18165767008294145,10764.753189531511
ORD0287,2024-05-09,Keyboard,East,6,590.960343002957,CUST196,0.024696725016967878,3458.19334749528
ORD0288,2024-03-03,Keyboard,Central,10,623.7037126026346,CUST002,0.04322994949241715,5967.4103260858965
ORD0289,2024-12-11,Laptop,North,7,1304.6679947826137,CUST011,0.15473598839779382,7719.522321552708
ORD0290,2024-04-14,Phone,Central,5,114.6562620416835,CUST001,0.23110242151747257,440.7946112085428
ORD0291,2024-01-03,Monitor,Central,1,1262.620890826673,CUST104,0.10033660130293592,1135.9338019070394
ORD0292,2024-01-05,Tablet,North,8,611.4064215131181,CUST080,0.1034201566612631,4385.397388932232
ORD0293,2024-11-09,Keyboard,West,7,268.1306860908989,CUST036,0.06527849983958162,1754.3926199934906
ORD0294,2024-02-10,Monitor,East,3,787.1525775064295,CUST051,0.1125772819291331,2095.6112396017334
ORD0295,2024-04-07,Laptop,East,3,1812.5920252715075,CUST094,0.09955480515658179,4896.419338101686
ORD0296,2024-09-25,Phone,Central,8,1345.777448809588,CUST183,0.08432120936920658,9858.398934273264
ORD0297,2024-03-03,Monitor,South,8,1352.6562080736364,CUST095,0.2944798064321207,7634.6101580072445
ORD0298,2024-07-01,Laptop,East,4,908.6659690738946,CUST116,0.1605910270869704,3050.9694712853625
ORD0299,2024-09-16,Keyboard,South,9,768.4565984480591,CUST032,0.19916809655588183,5538.641044044164
ORD0300,2024-01-14,Laptop,North,6,325.20958129747015,CUST168,0.027765110064924613,1897.0806088714671
ORD0301,2024-10-27,Monitor,North,4,1665.6666070174579,CUST098,0.26606669132205546,4889.952816170753
ORD0302,2024-05-06,Laptop,North,2,708.8405284469308,CUST018,0.1441767207169357,1213.284451088385
ORD0303,2024-12-16,Monitor,South,8,1602.4362019432021,CUST147,0.03291955460617015,12397.477727123432
ORD0304,2024-07-03,Tablet,East,7,377.8326463936924,CUST166,0.17171361813232047,2190.675449430453
ORD0305,2024-02-17,Keyboard,North,8,1656.7965323499132,CUST031,0.278407126003849,9564.260571241846
ORD0306,2024-05-21,Keyboard,West,7,1491.7414066582953,CUST006,0.14812819871285848,8895.407074012315
ORD0307,2024-09-25,Keyboard,East,2,1283.1804423920937,CUST189,0.017061868732920992,2522.5739722466965
ORD0308,2024-01-18,Laptop,South,3,768.2105145468042,CUST174,0.18070037896296623,1888.1837503345846
ORD0309,2024-02-15,Phone,South,7,1029.2430972111324,CUST064,0.23534869394268979,5509.084549730745
ORD0310,2024-10-26,Tablet,Central,6,1198.6372761983664,CUST053,0.279174898627435,5184.047016747736
ORD0311,2024-03-12,Monitor,West,1,1255.5459154283778,CUST120,0.24467109951066374,948.3501158143937
ORD0312,2024-06-07,Laptop,Central,4,1559.1511960925168,CUST145,0.012190055166515045,6160.580227996844
ORD0313,2024-01-22,Monitor,East,1,368.7269532412886,CUST152,0.24308001406475663,279.0968002613413
ORD0314,2024-07-06,Keyboard,Central,8,586.3250340264253,CUST020,0.022808662497933084,4583.61395368982
ORD0315,2024-10-22,Keyboard,South,3,936.9340439753142,CUST084,0.02769878141925277,2732.9463380609564
ORD0316,2024-02-08,Monitor,West,6,1498.3016723756448,CUST104,0.2383866014100546,6846.759772866082
ORD0317,2024-12-04,Tablet,Central,4,209.66943234382967,CUST133,0.22232993797986436,652.2145618182107
ORD0318,2024-05-10,Tablet,Central,4,691.3491907493581,CUST130,0.05627039332200759,2609.7867994521603
ORD0319,2024-04-16,Tablet,North,1,1974.1586388940673,CUST184,0.05305910357243497,1869.4115512045698
ORD0320,2024-12-13,Keyboard,South,8,822.094922198079,CUST056,0.039702015595615536,6315.648774207156
ORD0321,2024-11-05,Keyboard,East,5,791.1161535083635,CUST070,0.18457444093970243,3225.4816587809473
ORD0322,2024-04-22,Keyboard,South,6,1575.5216454883157,CUST102,0.28609169233175286,6748.667949751532
ORD0323,2024-05-25,Laptop,West,4,664.9644297671016,CUST137,0.16520573387042417,2220.433972598798
ORD0324,2024-07-14,Tablet,Central,10,377.22924839459444,CUST123,0.16590303872603987,3146.457697895911
ORD0325,2024-01-19,Tablet,South,3,1793.9100655075863,CUST063,0.1603935397714533,4518.5354402075545
ORD0326,2024-12-27,Keyboard,North,6,1612.9283769008887,CUST032,0.09547672564318442,8753.587540664494
ORD0327,2024-09-18,Keyboard,South,4,156.52611022199875,CUST156,0.18376745756004353,511.04681961895557
ORD0328,2024-01-10,Keyboard,East,8,1121.0026865615164,CUST102,0.12225587194045569,7871.6282053467585
ORD0329,2024-09-13,Monitor,East,1,1432.200716857584,CUST034,0.05314504370966463,1356.0863471591747
ORD0330,2024-11-17,Laptop,South,3,1407.7041417153175,CUST055,0.2775316998684268,3051.064855059722
ORD0331,2024-11-22,Phone,East,2,159.67557769729714,CUST145,0.2625740880968552,235.49781698418158
ORD0332,2024-06-21,Monitor,East,3,1015.1142838644048,CUST140,0.02121037391062892,2980.7499910248616
ORD0333,2024-01-09,Laptop,West,1,648.3427630561475,CUST199,0.056448733082619135,611.7446354783433
ORD0334,2024-03-08,Tablet,West,6,375.8263312911984,CUST130,0.12165288953018667,1980.6358327685696
ORD0335,2024-08-17,Laptop,North,10,1937.2343225054594,CUST046,0.05909097798710162,18227.61251798432
ORD0336,2024-11-25,Phone,North,9,184.80740740701657,CUST018,0.20058854876409468,1329.6344197894948
ORD0337,2024-07-02,Phone,East,4,1896.559898410081,CUST033,0.11865844760119541,6686.06818032824
ORD0338,2024-01-04,Phone,South,1,1684.4962709358203,CUST068,0.07357235917572147,1560.5639062603668
ORD0339,2024-06-19,Tablet,West,10,1291.0559822125856,CUST032,0.003066527925814699,12870.969229893404
ORD0340,2024-07-06,Laptop,West,1,921.1657410154857,CUST110,0.17484310021888327,760.1062670409132
ORD0341,2024-12-22,Tablet,East,1,1269.2047201290197,CUST103,0.19393155946526347,1023.0658694737256
ORD0342,2024-09-09,Keyboard,East,9,1650.023714008815,CUST081,0.28079473828920387,10680.351633564567
ORD0343,2024-10-10,Tablet,Central,5,1180.9477038353514,CUST098,0.1826708493480612,4826.114918700526
ORD0344,2024-06-13,Monitor,West,5,461.85329071728387,CUST031,0.26252868632037385,1703.017765162668
ORD0345,2024-03-18,Monitor,Central,9,965.7733127394678,CUST164,0.06174486279757104,8155.2759484573235
ORD0346,2024-05-03,Laptop,North,6,1774.4420428775802,CUST023,0.21432243695423908,8364.835800083993
ORD0347,2024-04-28,Monitor,Central,8,648.4071219910592,CUST049,0.2624528564798923,3825.846565300798
ORD0348,2024-08-01,Keyboard,East,10,1033.2417754430949,CUST146,0.008305164412995003,10246.605326196652
ORD0349,2024-04-22,Tablet,North,3,717.5637899805841,CUST126,0.19544688308620578,1731.9545514400627
ORD0350,2024-06-25,Tablet,East,7,1742.3841398232798,CUST139,0.03640920061613218,11752.61728288261
ORD0351,2024-02-24,Monitor,East,1,1484.0564953246667,CUST168,0.244176298930666,1121.6850728922743
ORD0352,2024-09-11,Phone,Central,2,1197.248450609851,CUST156,0.2372540314699856,1826.39285806294
ORD0353,2024-02-03,Phone,West,2,1663.669313865368,CUST121,0.08995084076764685,3028.041720647688
ORD0354,2024-11-21,Tablet,East,2,1716.6844394913232,CUST124,0.12982407559533446,2987.6349380909346
ORD0355,2024-07-08,Tablet,West,8,483.90690540958593,CUST050,0.22474519600482493,3001.209224841762
ORD0356,2024-10-11,Phone,East,6,1501.8100048375848,CUST057,0.2900768705348787,6397.017950977964
ORD0357,2024-08-11,Phone,Central,6,835.1753307154738,CUST103,0.22294226987270274,3893.876680464485
ORD0358,2024-09-07,Monitor,East,10,1977.0968012931,CUST125,0.1749793716530029,16311.456453056713
ORD0359,2024-10-13,Phone,North,1,540.2211943093264,CUST087,0.07238155063955588,501.1191465768645
ORD0360,2024-06-04,Tablet,South,10,321.66636244299923,CUST130,0.22620075593095681,2489.0518810083167
ORD0361,2024-02-15,Monitor,South,6,1887.2415372999938,CUST136,0.21971123899679051,8835.560165121626
ORD0362,2024-07-08,Monitor,Central,8,1579.5438804454236,CUST023,0.12378235679705174,11072.19373007623
ORD0363,2024-09-06,Phone,Central,9,1351.5938592429675,CUST067,0.011611123161524772,12023.10302831043
ORD0364,2024-10-05,Laptop,South,3,1425.6988773865278,CUST078,0.12824081753937105,3728.598263356548
ORD0365,2024-10-18,Keyboard,Central,7,351.6307565469673,CUST166,0.08745142274445664,2246.1610262435775
ORD0366,2024-08-02,Tablet,South,8,1601.0498423163501,CUST104,0.21642988306840535,10036.278497257068
ORD0367,2024-12-28,Phone,West,1,906.9507114878346,CUST062,0.19377673035605428,731.2047680216249
ORD0368,2024-05-25,Keyboard,East,10,767.6306422750167,CUST121,0.18964915902705348,6220.501365241629
ORD0369,2024-12-20,Monitor,North,1,1928.4616413689528,CUST058,0.29060358717939605,1368.0437706492692
ORD0370,2024-06-13,Laptop,West,4,1638.7668586479253,CUST116,0.1530284698951032,5551.955495016914
ORD0371,2024-10-28,Phone,East,8,528.3667617735347,CUST059,0.22326077813023876,3283.2254992145668
ORD0372,2024-02-06,Laptop,Central,3,680.017566064788,CUST180,0.05673313677712376,1924.3141094351627
ORD0373,2024-03-01,Keyboard,East,9,1018.7052331780299,CUST198,0.1774336846049018,7541.573491160608
ORD0374,2024-03-11,Monitor,South,3,1883.4914274440362,CUST097,0.20185491365696145,4509.89828395108
ORD0375,2024-05-28,Phone,South,1,330.5135931025601,CUST085,0.15690799548264756,278.65336772907
ORD0376,2024-10-06,Keyboard,North,9,1376.3348215344863,CUST037,0.2971044681499417,8706.77636747614
ORD0377,2024-09-21,Keyboard,South,1,1269.7769562357723,CUST100,0.08052850633912553,1167.5237145662643
ORD0378,2024-05-16,Laptop,West,10,591.1637799704115,CUST086,0.16825386558262168,4916.981887979553
ORD0379,2024-10-13,Tablet,West,6,119.1879318019574,CUST121,0.29210339006463587,506.2363972068781
ORD0380,2024-02-19,Keyboard,North,3,961.1690374148244,CUST066,0.019394425017731396,2827.583149767953
ORD0381,2024-05-13,Laptop,East,7,857.961293717821,CUST087,0.014819919297718274,5916.724636090499
ORD0382,2024-08-26,Monitor,Central,1,1476.0230487475217,CUST096,0.22464418403736944,1144.4430553412844
ORD0383,2024-11-12,Phone,South,1,303.16936335837227,CUST145,0.17522196802963363,250.04743086442718
ORD0384,2024-06-21,Laptop,North,8,462.02591147943787,CUST066,0.05607290373575367,3488.9502161730197
ORD0385,2024-10-22,Monitor,West,3,807.9769908931505,CUST096,0.22796119895412248,1871.3687619654117
ORD0386,2024-08-26,Laptop,West,7,364.37562418754436,CUST183,0.0935016439160143,2312.1413302615956
ORD0387,2024-01-10,Tablet,North,2,1418.581061140288,CUST068,0.03048707501381731,2750.665347832247
ORD0388,2024-11-15,Keyboard,North,7,1054.6058164332721,CUST031,0.287603874395904,5259.079683666254
ORD0389,2024-04-21,Tablet,Central,7,1541.400060070349,CUST109,0.14729513384548493,9200.515323389938
ORD0390,2024-08-08,Monitor,North,2,103.90433389910336,CUST160,0.13220673464869037,180.33496239691135
ORD0391,2024-11-16,Keyboard,South,2,1363.6473216549966,CUST188,0.26184055950301677,2013.178287976124
ORD0392,2024-01-14,Tablet,Central,4,1159.20880442683,CUST130,0.13144308367024757,4027.3552982210663
ORD0393,2024-05-19,Monitor,Central,5,918.8121959087457,CUST002,0.2864972009462738,3277.8753679279534
ORD0394,2024-03-02,Tablet,Central,1,1380.364066479843,CUST086,0.13597833842647766,1192.664454296298
ORD0395,2024-03-12,Laptop,East,8,1634.1148626888555,CUST146,0.05217851419072127,12390.793417094212
ORD0396,2024-05-16,Monitor,West,8,498.88394095055924,CUST195,0.01874042884912005,3916.277135609653
ORD0397,2024-02-04,Phone,North,8,1989.0026804986678,CUST104,0.07618955076583986,14699.691678395384
ORD0398,2024-06-18,Phone,North,10,798.5338663059844,CUST074,0.28359845965386493,5720.708918401619
ORD0399,2024-04-02,Laptop,West,4,1725.170757938977,CUST047,0.2522495414125177,5159.9889015623385
ORD0400,2024-03-05,Keyboard,Central,9,1382.163958753503,CUST144,0.23228174628880482,9550.012506811125
ORD0401,2024-04-09,Monitor,Central,9,1560.7596939542525,CUST070,0.024660598724542425,13700.433828925863
ORD0402,2024-08-03,Keyboard,East,8,634.0058696989514,CUST043,0.14970660276134423,4312.728038524559
ORD0403,2024-11-17,Monitor,West,9,498.6248630918453,CUST076,0.03603911983759354,4325.893757071872
ORD0404,2024-05-15,Tablet,West,3,1484.7704437484047,CUST161,0.10822015545412704,3972.265066536778
ORD0405,2024-05-26,Tablet,West,2,1212.1190452894646,CUST038,0.10599510600838143,2167.2807171784593
ORD0406,2024-08-17,Keyboard,East,3,1416.4838430738575,CUST018,0.2947091295984897,2997.099367773712
ORD0407,2024-12-01,Monitor,West,2,1699.1925732217287,CUST192,0.1774075045783844,2795.4861180166763
ORD0408,2024-10-14,Tablet,Central,5,885.0823385288652,CUST141,0.06341321208970596,4144.7821223944065
ORD0409,2024-05-26,Phone,South,6,591.6468564964541,CUST148,0.16116264678376896,2977.772898853133
ORD0410,2024-07-17,Laptop,Central,8,1089.1567626666001,CUST161,0.11031206038887621,7752.077088722954
ORD0411,2024-09-16,Laptop,East,9,1531.0646407314466,CUST004,0.006092056782613553,13695.635772020329
ORD0412,2024-12-12,Laptop,Central,8,1241.486768080097,CUST021,0.23996515786415856,7548.585598331939
ORD0413,2024-01-14,Tablet,East,1,1809.583375696566,CUST039,0.11231918713527089,1606.332441884828
ORD0414,2024-05-02,Tablet,East,3,861.6233152621733,CUST045,0.04808586155445934,2460.574247437146
ORD0415,2024-04-12,Tablet,Central,2,1669.3070381186474,CUST103,0.05562465977495956,3152.904804126704
ORD0416,2024-10-18,Monitor,East,8,239.00579026411964,CUST069,0.02831448823177325,1857.9077090268843
ORD0417,2024-02-03,Phone,South,3,1748.340660642276,CUST079,0.03100371037217385,5082.406839503483
ORD0418,2024-01-07,Laptop,Central,10,258.8526768240798,CUST186,0.030554934360402908,2509.434502747055
ORD0419,2024-06-18,Laptop,South,6,1745.1403665588407,CUST110,0.20666328596366354,8306.90354362775
ORD0420,2024-03-07,Keyboard,North,9,1593.3444078604534,CUST177,0.0863102976255321,13102.401400182363
ORD0421,2024-09-01,Laptop,Central,3,173.00499823294103,CUST038,0.043731168796352145,496.317862357811
ORD0422,2024-03-09,Keyboard,West,7,1493.22475842553,CUST198,0.16981884507141146,8677.529381623684
ORD0423,2024-08-02,Keyboard,Central,8,1897.6739441402601,CUST161,0.09768984186813835,13698.323812959294
ORD0424,2024-03-11,Tablet,North,2,449.3973873255441,CUST158,0.2392297330856828,683.776340612502
ORD0425,2024-06-04,Tablet,West,4,491.769366034569,CUST083,0.2663293195427639,1443.1870616264234
ORD0426,2024-09-03,Phone,South,6,882.6562848341268,CUST041,0.12288350659520625,4645.1543126124725
ORD0427,2024-08-19,Laptop,East,9,952.7385604845706,CUST080,0.10565891658519608,7668.659127553485
ORD0428,2024-11-07,Monitor,Central,1,191.9334119733696,CUST172,0.27462003342764,139.22465196136181
ORD0429,2024-02-05,Monitor,North,7,1429.7596971620862,CUST051,0.0842113808061626,9165.503611901462
ORD0430,2024-03-11,Tablet,South,10,1895.4225225387963,CUST004,0.0843271813122028,17355.868838174345
ORD0431,2024-01-10,Laptop,Central,8,613.7431225255347,CUST032,0.2506790169302108,3679.1247993852458
ORD0432,2024-07-13,Tablet,West,10,134.46592596756196,CUST131,0.06285830754495339,1260.1362543877601
ORD0433,2024-12-22,Keyboard,West,1,859.9112522350592,CUST150,0.200703989558317,687.3236332453946
ORD0434,2024-08-18,Keyboard,Central,1,1340.3136284371847,CUST027,0.21926766449525717,1046.4261894385993
ORD0435,2024-08-25,Keyboard,East,5,1793.2709008356694,CUST016,0.12167426296556523,7875.37992839447
ORD0436,2024-11-27,Monitor,Central,1,1798.5270017180019,CUST114,0.01241750667668845,1776.1937806659641
ORD0437,2024-04-03,Keyboard,West,4,1054.406112166158,CUST085,0.24077430676762357,3202.1288458312247
ORD0438,2024-03-05,Tablet,East,5,110.1311403303557,CUST081,0.14994479686237774,468.0877443264925
ORD0439,2024-08-26,Laptop,West,4,767.986400253286,CUST132,0.02307871240506155,3001.0490519633677
ORD0440,2024-01-12,Monitor,North,2,666.3921740226463,CUST010,0.03593653925137463,1284.888691008145
ORD0441,2024-01-21,Keyboard,East,10,165.73868243787433,CUST182,0.11336827449557772,1469.4917399272201
ORD0442,2024-03-05,Laptop,West,9,1593.6322250837757,CUST128,0.14543359891290755,12256.780997216318
ORD0443,2024-04-20,Keyboard,East,4,1747.1386527200839,CUST016,0.01706034259377327,6869.327474983423
ORD0444,2024-03-27,Tablet,West,7,1780.657049913453,CUST036,0.14521724419898097,10654.52458183074
ORD0445,2024-03-11,Monitor,West,8,512.1902159066074,CUST094,0.18699664422080217,3331.298914634749
ORD0446,2024-01-10,Keyboard,South,2,1243.3949233492308,CUST146,0.21726823282082136,1946.4894113095256
ORD0447,2024-05-13,Monitor,Central,6,1724.9614143095712,CUST099,0.11471646317428881,9162.479650487148
ORD0448,2024-02-07,Monitor,North,5,1533.2543854751557,CUST117,0.26754139889232254,5615.226811636721
ORD0449,2024-12-16,Phone,East,8,764.6816052762953,CUST026,0.2550826448734403,4556.996791330799
ORD0450,2024-09-10,Monitor,West,10,645.6762641391047,CUST199,0.2426514264450536,4890.019976240376
ORD0451,2024-10-25,Phone,North,10,105.19637443709452,CUST166,0.07549891512619292,972.5416229188512
ORD0452,2024-02-22,Keyboard,East,3,1951.0652050723168,CUST055,0.2644887883621484,4305.090998901579
ORD0453,2024-05-24,Keyboard,North,9,1334.0917171249916,CUST197,0.09114525782906595,10912.460252400117
ORD0454,2024-12-01,Tablet,Central,7,1368.5665076334146,CUST058,0.24304068441696963,7251.644168636332
ORD0455,2024-12-01,Laptop,North,8,852.2137168824518,CUST031,0.04524101875784666,6509.269601050228
ORD0456,2024-11-24,Keyboard,North,9,556.0445927454698,CUST056,0.1019002884597759,4494.4513951338695
ORD0457,2024-01-01,Tablet,Central,5,1240.2899343024487,CUST020,0.09145456927289226,5634.2987629365725
ORD0458,2024-10-05,Monitor,East,2,773.7030946625258,CUST092,0.03083777619372211,1499.6876235778655
ORD0459,2024-02-12,Monitor,East,5,283.00079404464196,CUST017,0.17097182456124874,1173.0781596727368
ORD0460,2024-11-20,Phone,South,8,1765.6503467149948,CUST181,0.2421849942080075,10704.29062177966
ORD0461,2024-09-09,Laptop,North,3,747.921140526698,CUST002,0.09253363407298497,2036.1398381812528
ORD0462,2024-06-08,Laptop,West,3,1098.6854734113426,CUST122,0.015897343334395842,3243.657879672028
ORD0463,2024-02-22,Phone,North,6,1602.995073188363,CUST046,0.24798205628444037,7232.886352351715
ORD0464,2024-06-22,Laptop,West,6,1336.824332986228,CUST078,0.17297045086282703,6633.559352311213
ORD0465,2024-03-12,Laptop,East,3,240.21963455770234,CUST161,0.14780878310256293,614.139188089158
ORD0466,2024-06-24,Keyboard,West,3,1708.700886893245,CUST075,0.1519045607777942,4347.424287507298
ORD0467,2024-08-08,Keyboard,Central,3,1875.87781373154,CUST007,0.14056944089669765,4836.560154794333
ORD0468,2024-01-04,Laptop,West,8,1261.5283414375178,CUST012,0.08252887839161387,9259.326578875573
ORD0469,2024-09-04,Monitor,East,5,323.5279861500838,CUST133,0.15204161148007336,1371.691348884611
ORD0470,2024-11-12,Laptop,South,6,1657.3724313875853,CUST187,0.2126777084358314,7829.317563932109
ORD0471,2024-10-16,Tablet,West,2,1245.9903198802822,CUST058,0.06878791447594133,2320.562488637013
ORD0472,2024-12-03,Keyboard,South,9,1477.6421815227643,CUST122,0.21315393831668433,10464.092379974973
ORD0473,2024-02-28,Tablet,East,7,1667.672584847935,CUST061,0.03258490883650395,11293.321379910696
ORD0474,2024-08-02,Keyboard,South,1,394.47766357298184,CUST188,0.10618757203563307,352.5890382558776
ORD0475,2024-07-05,Laptop,East,7,919.5649908339205,CUST155,0.20716699661945118,5103.430314405249
ORD0476,2024-10-01,Keyboard,Central,1,1509.935548055606,CUST178,0.09657585843822303,1364.112226315747
ORD0477,2024-03-26,Keyboard,East,8,851.4457201557324,CUST028,0.11497106144669143,6028.432815561482
ORD0478,2024-08-09,Monitor,East,4,1930.5356576828638,CUST196,0.13646341557447614,6668.35267178857
ORD0479,2024-06-22,Keyboard,North,9,1651.132869843056,CUST042,0.15841603859933484,12506.10247261231
ORD0480,2024-11-03,Monitor,North,7,713.3189259625293,CUST150,0.10618179526330397,4463.042092659753
ORD0481,2024-03-19,Phone,West,9,1257.205285010208,CUST058,0.006377002996451863,11242.692748264884
ORD0482,2024-08-21,Keyboard,North,2,1360.6705711255975,CUST078,0.19437695316180056,2192.3751425065534
ORD0483,2024-05-16,Tablet,Central,1,302.0596303732541,CUST123,0.20130063611323354,241.25483463498983
ORD0484,2024-11-26,Keyboard,Central,9,1562.7150995338131,CUST148,0.03778720171259494,13532.980219635698
ORD0485,2024-04-17,Tablet,East,5,733.9252949748529,CUST009,0.07999436969160044,3376.077018013088
ORD0486,2024-08-24,Tablet,North,5,215.98659253862263,CUST143,0.2356313212751751,825.4669318051205
ORD0487,2024-04-27,Keyboard,North,2,136.66663519489833,CUST166,0.10859477127251567,243.650706410648
ORD0488,2024-02-15,Phone,West,6,1328.659146443354,CUST198,0.22266141838987805,6196.908098037553
ORD0489,2024-04-27,Keyboard,Central,4,1325.7750939148632,CUST029,0.13040819381562266,4611.532634046754
ORD0490,2024-08-28,Phone,North,4,1334.647007683844,CUST183,0.2610346157736779,3945.0317553584114
ORD0491,2024-05-22,Phone,South,7,1721.420826788902,CUST091,0.22599510609332385,9326.717010852408
ORD0492,2024-03-02,Keyboard,North,2,1709.2572206393795,CUST189,0.05895229187749365,3216.9851801490668
ORD0493,2024-02-24,Tablet,South,1,449.7840093683792,CUST006,0.2966964998910865,316.33466808180145
ORD0494,2024-08-01,Phone,East,3,1302.4978712518302,CUST025,0.14246143371439807,3350.826471310029
ORD0495,2024-10-09,Tablet,South,7,1669.053354961749,CUST127,0.22992857219542137,8997.032100961913
ORD0496,2024-08-04,Laptop,Central,5,375.63647849067513,CUST035,0.09933530710462062,1691.6125677005284
ORD0497,2024-12-01,Tablet,North,8,1118.320448800102,CUST009,0.0978910832391273,8070.774789268744
ORD0498,2024-08-16,Keyboard,North,8,841.0498627910684,CUST174,0.2777565871480512,4859.541786247077
ORD0499,2024-02-04,Monitor,East,8,599.1536683067743,CUST163,0.037886450452173426,4611.630900313854
ORD0500,2024-08-06,Keyboard,South,8,633.9769578936572,CUST010,0.06825203892828179,4725.653903070925
ORD0501,2024-10-18,Monitor,Central,1,399.7330057598022,CUST091,0.19521450838395968,321.6993235555599
ORD0502,2024-09-21,Keyboard,West,3,422.20464212885736,CUST152,0.1983326395473406,1015.4030430789023
ORD0503,2024-02-11,Laptop,North,6,992.9706431331398,CUST032,0.25824988756971956,4419.216517103846
ORD0504,2024-09-03,Phone,North,4,284.78449291719545,CUST060,0.09166847827261572,1034.7149272633505
ORD0505,2024-04-21,Keyboard,East,7,527.8799696955286,CUST055,0.10877876316146814,3293.2048764603505
ORD0506,2024-03-10,Tablet,North,1,1580.1280367817417,CUST189,0.07894576993326997,1455.3836123248607
ORD0507,2024-02-19,Tablet,West,5,998.7143850394892,CUST028,0.28510825283992025,3569.8633581739255
ORD0508,2024-06-07,Laptop,West,6,458.4442340700324,CUST151,0.11856364237033028,2424.5364951300785
ORD0509,2024-12-05,Monitor,North,9,1088.9270111449814,CUST138,0.28659855388862826,6991.578940145072
ORD0510,2024-06-14,Tablet,South,1,546.0126913270917,CUST073,0.2334968936284818,418.5204240204887
ORD0511,2024-04-16,Keyboard,West,5,690.9687022315992,CUST043,0.16571719976406526,2882.3165188658418
ORD0512,2024-10-25,Phone,Central,4,1433.101815503176,CUST076,0.004481896592647305,5706.715205437423
ORD0513,2024-07-27,Laptop,Central,8,434.85817941802696,CUST174,0.15542551046262526,2938.1609992250583
ORD0514,2024-08-13,Laptop,Central,2,112.66045733620828,CUST031,0.2304798046951371,173.38899426498836
ORD0515,2024-02-28,Monitor,South,8,569.7555339221428,CUST156,0.28134820520143217,3275.6466963965136
ORD0516,2024-05-03,Laptop,South,7,1755.833803527163,CUST146,0.23822587643274284,9362.841297681676
ORD0517,2024-04-03,Tablet,West,1,855.6326090155967,CUST062,0.10821172893746583,763.0431250587443
ORD0518,2024-12-28,Tablet,Central,9,1013.3444137667102,CUST136,0.23220428089205208,7002.373525848298
ORD0519,2024-05-01,Monitor,North,8,581.116205698302,CUST050,0.15223754678592163,3941.188001161996
ORD0520,2024-09-02,Phone,South,8,945.0386001044695,CUST006,0.17588513385108942,6230.56287544519
ORD0521,2024-11-04,Monitor,East,2,1679.2885006058982,CUST005,0.051366837644247806,3186.0575216748457
ORD0522,2024-06-12,Tablet,South,2,739.570861925573,CUST133,0.16813945268030914,1230.4396439662053
ORD0523,2024-08-03,Tablet,South,6,1454.5039602037723,CUST070,0.1064771234180803,7797.795375126411
ORD0524,2024-03-15,Laptop,North,5,415.5758020306915,CUST156,0.06925756951592267,1933.9701601620777
ORD0525,2024-06-17,Laptop,East,6,1124.1373865071373,CUST166,0.20491182864924656,5362.730033909849
ORD0526,2024-11-12,Monitor,East,5,1416.5437895041846,CUST157,0.07864837041028466,6525.674644224356
ORD0527,2024-02-10,Laptop,West,6,1100.768450685602,CUST165,0.2395439317376945,5022.516288453374
ORD0528,2024-01-16,Tablet,North,3,1594.5935062307701,CUST049,0.22753775107760954,3695.2898578201816
ORD0529,2024-12-03,Keyboard,North,5,1846.1901051127224,CUST038,0.07107609916108511,8574.850570657582
ORD0530,2024-03-22,Monitor,East,1,691.4364358890331,CUST029,0.01943329081882993,677.9995505476662
ORD0531,2024-03-07,Monitor,Central,1,592.4794541028225,CUST086,0.09055754124720625,538.8259714997839
ORD0532,2024-09-01,Monitor,North,10,1320.8420656604767,CUST197,0.07148898920092321,12264.164014923499
ORD0533,2024-01-02,Laptop,East,2,1225.598225943633,CUST090,0.06262598320538044,2297.687864058286
ORD0534,2024-12-07,Tablet,South,2,1606.5627122513054,CUST119,0.17125169724826247,2662.8722420849945
ORD0535,2024-12-14,Tablet,West,7,1429.2820076184114,CUST113,0.17733295037111008,8230.762486065667
ORD0536,2024-01-22,Keyboard,West,1,1325.23631317695,CUST055,0.036897312207562614,1276.3386551808608
ORD0537,2024-01-28,Laptop,South,6,526.8230359379429,CUST179,0.11213429452551167,2806.4886387795204
ORD0538,2024-03-02,Keyboard,Central,10,571.1680014306514,CUST127,0.15882154498027887,4804.542170001372
ORD0539,2024-03-08,Phone,West,4,235.46856912454913,CUST116,0.25763469622902185,699.2147833866538
ORD0540,2024-12-09,Keyboard,West,4,1035.498025371232,CUST018,0.23407687139562808,3172.4475490239333
ORD0541,2024-12-10,Monitor,West,3,952.904715362513,CUST092,0.2824502997768627,2051.2694785487556
ORD0542,2024-01-03,Phone,Central,3,896.3916505920647,CUST141,0.18258566349070995,2198.17015896354
ORD0543,2024-11-18,Keyboard,East,7,925.5466385660045,CUST014,0.2148228685521009,5087.026382833506
ORD0544,2024-06-27,Keyboard,West,8,1624.512521520978,CUST193,0.09115081154593098,11811.495094542513
ORD0545,2024-08-11,Phone,Central,6,1572.6441835197033,CUST039,0.08432713171797684,8640.165661863162
ORD0546,2024-06-28,Monitor,Central,4,1680.2024885916203,CUST057,0.14216706101655704,5765.332155503377
ORD0547,2024-10-16,Tablet,West,10,1822.151931705379,CUST105,0.050911291228085576,17293.838240485078
ORD0548,2024-11-13,Phone,North,7,1580.8441156943659,CUST031,0.08245001581383009,10153.524453493157
ORD0549,2024-11-19,Phone,West,3,1397.706680994955,CUST153,0.2288997317896937,3233.3159897836404
ORD0550,2024-08-13,Laptop,South,10,474.8817911156947,CUST117,0.011166541297803156,4695.790039836265
ORD0551,2024-09-15,Keyboard,Central,9,1308.8846262569139,CUST129,0.284621915484541,8427.12639105063
ORD0552,2024-06-08,Tablet,Central,1,697.0828038656784,CUST115,0.06838766513079787,649.4109385064747
ORD0553,2024-10-20,Keyboard,South,5,1754.0850364489843,CUST073,0.2593172219636525,6496.102888545109
ORD0554,2024-10-02,Laptop,Central,7,1990.0062591784879,CUST068,0.14472318465005832,11914.043511136395
ORD0555,2024-07-21,Keyboard,North,7,1798.3072737494417,CUST003,0.18955196242818786,10202.042206729455
ORD0556,2024-12-04,Laptop,East,9,486.30252297893554,CUST200,0.0427198839483162,4189.749620701519
ORD0557,2024-04-27,Monitor,East,10,1979.386841331902,CUST097,0.17451068647959397,16339.626848423964
ORD0558,2024-09-19,Keyboard,West,4,550.5509736293163,CUST092,0.1499224749020439,1872.0440364123172
ORD0559,2024-06-13,Laptop,North,4,823.7502729884619,CUST197,0.2905211505217115,2337.73358374912
ORD0560,2024-06-28,Keyboard,Central,6,691.2490267505585,CUST112,0.24651220188049958,3125.0862427111556
ORD0561,2024-07-17,Keyboard,South,10,1780.9472378761957,CUST053,0.011907730612730117,17597.401979320803
ORD0562,2024-12-01,Monitor,East,6,1417.7952502718463,CUST159,0.2649317855299359,6253.057338608783
ORD0563,2024-10-13,Laptop,South,7,300.58542465216965,CUST085,0.056260504010187284,1985.7203601418569
ORD0564,2024-08-21,Tablet,South,8,568.2315508672259,CUST035,0.11784836440021057,4010.131135975426
ORD0565,2024-08-03,Monitor,Central,6,1027.7885617246034,CUST059,0.05317280753345949,5838.82895008158
ORD0566,2024-02-13,Keyboard,Central,1,1824.525928199901,CUST123,0.0878799346882039,1664.1867087927592
ORD0567,2024-10-19,Laptop,East,10,1980.3083062173612,CUST157,0.12604096698899145,17307.083323653933
ORD0568,2024-09-27,Keyboard,South,6,138.0070143120537,CUST071,0.25251378329009594,618.9500460452798
ORD0569,2024-12-13,Monitor,West,6,157.53049538834,CUST175,0.24003636680146423,718.3046856893283
ORD0570,2024-12-11,Tablet,Central,8,719.5871885972472,CUST032,0.291549703851192,4078.334054932863
ORD0571,2024-06-11,Phone,South,9,1625.6788792096536,CUST006,0.08231664151472844,13426.726083225185
ORD0572,2024-11-09,Laptop,West,10,254.77563148839198,CUST095,0.09807679045421991,2297.8805526606343
ORD0573,2024-06-22,Keyboard,Central,10,1979.3227866929624,CUST093,0.1766281115513291,16297.187407288704
ORD0574,2024-01-06,Tablet,Central,9,1540.5864332932483,CUST182,0.2822380498505196,9951.96890460955
ORD0575,2024-11-24,Monitor,South,6,502.3485850556838,CUST046,0.029934857903911403,2923.865109262866
ORD0576,2024-12-15,Tablet,East,7,1569.4913936440616,CUST119,0.020902044372667183,10756.800704241161
ORD0577,2024-11-13,Laptop,North,7,239.09462632892743,CUST086,0.10234175576994155,1502.3768373268683
ORD0578,2024-11-03,Laptop,South,10,1503.824990494902,CUST069,0.24704724849112544,11323.091643809437
ORD0579,2024-02-28,Tablet,Central,10,889.5258653165795,CUST082,0.10289443590506153,7979.986031818683
ORD0580,2024-10-13,Keyboard,North,4,571.9417646862631,CUST031,0.19714335075740175,1836.7489950316474
ORD0581,2024-04-11,Tablet,South,6,736.7950451532616,CUST174,0.1549597498479766,3735.7288156025015
ORD0582,2024-09-02,Laptop,East,1,1297.1579351915211,CUST056,0.24826392323496566,975.1204171455067
ORD0583,2024-07-11,Tablet,West,5,1446.3870086050126,CUST011,0.2743989605331808,5247.499584575502
ORD0584,2024-02-13,Keyboard,East,6,1165.8242240720112,CUST034,0.13614666554156432,6042.606860142153
ORD0585,2024-05-12,Laptop,West,3,505.7327071640265,CUST028,0.026099336312113308,1477.600257467151
ORD0586,2024-12-01,Phone,East,7,1900.8148309510452,CUST023,0.03307414385950475,12865.629054473231
ORD0587,2024-09-15,Tablet,West,3,1079.7507663334059,CUST133,0.12881205043845625,2821.9975684785163
ORD0588,2024-03-25,Tablet,South,2,1618.789481573016,CUST017,0.14716829564441322,2761.109985125624
ORD0589,2024-10-21,Monitor,North,1,1510.794583991342,CUST153,0.13289989864278606,1310.0101369088225
ORD0590,2024-07-23,Keyboard,Central,1,1253.3903833182178,CUST183,0.21632945215757218,982.2451283554184
ORD0591,2024-01-12,Keyboard,South,7,1253.8725993729176,CUST149,0.05696087207190734,8277.15645851897
ORD0592,2024-10-01,Monitor,South,8,1338.7608770989152,CUST012,0.0764109130875673,9891.719488590998
ORD0593,2024-12-12,Keyboard,East,10,1022.435872984355,CUST130,0.24514604011988894,7717.897674457186
ORD0594,2024-02-20,Monitor,East,8,1781.0650683395406,CUST095,0.023143135696884764,13918.765102223819
ORD0595,2024-06-06,Tablet,North,8,1390.2620169306635,CUST077,0.09827776395098288,10029.041396805877
ORD0596,2024-04-04,Phone,East,10,449.5563196106839,CUST112,0.010902365266574331,4446.550924063915
ORD0597,2024-03-27,Phone,West,6,720.8763776157042,CUST059,0.0521597531053018,4099.653862438949
ORD0598,2024-02-16,Keyboard,South,2,1306.3068636206986,CUST181,0.04214892459195447,2502.4948682639942
ORD0599,2024-05-10,Keyboard,East,5,1406.081648683687,CUST149,0.2644102089316905,5171.496530901088
ORD0600,2024-10-22,Monitor,Central,3,1909.2498377724216,CUST111,0.0800723409579828,5269.115201365005
ORD0601,2024-01-02,Keyboard,East,8,608.7944918833876,CUST145,0.15624291532965612,4109.397325079124
ORD0602,2024-07-14,Phone,Central,7,1544.6298368575694,CUST178,0.032595299422493375,10459.97515379796
ORD0603,2024-09-21,Monitor,Central,6,854.1762165386982,CUST010,0.09650423375737648,4630.467571607138
ORD0604,2024-01-09,Phone,West,2,236.82745989120153,CUST062,0.22525759019328165,366.9605539690268
ORD0605,2024-01-02,Laptop,North,6,1164.7009128505028,CUST013,0.1997870048480342,5592.052835569978
ORD0606,2024-09-09,Tablet,West,3,1360.8423809601163,CUST064,0.03109710864530467,3955.5723527707933
ORD0607,2024-08-03,Laptop,South,6,1661.7882896205456,CUST193,0.19084068674275753,8067.908827249729
ORD0608,2024-05-13,Monitor,South,6,1324.1084445257789,CUST021,0.021947542876162084,7770.285106001166
ORD0609,2024-08-27,Keyboard,South,7,1559.491380443682,CUST176,0.28278640012796474,7829.41898856196
ORD0610,2024-12-23,Keyboard,Central,8,1419.393842763369,CUST062,0.2791336311024524,8185.546283746932
ORD0611,2024-12-08,Phone,West,10,1801.4541965727813,CUST119,0.17812584111825844,14805.68652572238
ORD0612,2024-04-07,Tablet,South,6,1826.4917951668367,CUST160,0.25427250952074454,8172.390856744292
ORD0613,2024-11-10,Phone,North,7,300.24360269235,CUST049,0.2148294775431522,1650.1969847319508
ORD0614,2024-02-03,Laptop,West,2,1836.4977404546878,CUST148,0.12227365634124053,3223.884893733733
ORD0615,2024-10-25,Tablet,Central,10,854.0350782719395,CUST173,0.21592846671333218,6696.2459330127895
ORD0616,2024-12-10,Keyboard,South,9,1309.955075219192,CUST130,0.24840286368090264,8861.026349172713
ORD0617,2024-08-19,Keyboard,East,5,849.4491930600024,CUST009,0.18252760143890584,3472.00634653273
ORD0618,2024-01-13,Keyboard,Central,1,984.243210837263,CUST008,0.07394414857688757,911.4641846193194
ORD0619,2024-10-10,Tablet,North,6,1491.606455539169,CUST187,0.03544213402115974,8632.444437810736
ORD0620,2024-08-02,Tablet,East,1,1462.9359497856385,CUST144,0.07686446631321016,1350.4881587549562
ORD0621,2024-06-26,Keyboard,North,1,326.2846585120249,CUST152,0.09375467018773787,295.6939479659113
ORD0622,2024-06-06,Phone,West,10,1986.4622840185864,CUST090,0.07232879955460207,18427.83851655029
ORD0623,2024-11-19,Laptop,Central,7,1029.2307600288098,CUST103,0.09805354261386719,6498.177264885753
ORD0624,2024-07-19,Keyboard,East,3,1017.6444138336091,CUST127,0.2423594224325932,2313.026104365422
ORD0625,2024-10-27,Keyboard,North,1,597.3759932472296,CUST066,0.2817326460059285,429.07567400926797
ORD0626,2024-03-17,Phone,East,5,1749.6770190732154,CUST114,0.27897226803348607,6307.8282636814565
ORD0627,2024-03-22,Keyboard,North,7,1798.4815792542354,CUST102,0.2973209513061378,8846.287276426607
ORD0628,2024-05-06,Keyboard,South,1,379.75420529507534,CUST088,0.22619515029756426,293.85564575222367
ORD0629,2024-11-18,Monitor,West,8,681.5144367432625,CUST118,0.2858038940625028,3893.8796548977994
ORD0630,2024-07-09,Phone,West,6,555.8142143741568,CUST028,0.07142077723681567,3096.705187105707
ORD0631,2024-11-02,Keyboard,East,10,1177.9086846517957,CUST121,0.1890158149949662,9552.653146326878
ORD0632,2024-09-07,Monitor,West,10,171.77536089712885,CUST156,0.28658712835181405,1225.4675349602421
ORD0633,2024-06-27,Monitor,South,8,851.8235578082798,CUST072,0.020927010623509212,6671.979497317364
ORD0634,2024-07-14,Monitor,East,7,1663.8719119259515,CUST136,0.20751669777680828,9230.134950676456
ORD0635,2024-04-05,Tablet,East,10,1082.325651389997,CUST140,0.16995964552278342,8983.739673395374
ORD0636,2024-08-22,Laptop,West,8,217.09138181759045,CUST103,0.24674002366699882,1308.2099930401337
ORD0637,2024-12-21,Phone,Central,7,723.0255846244489,CUST115,0.20814650930096798,4007.7123313470474
ORD0638,2024-01-06,Keyboard,South,8,782.4934018420844,CUST198,0.25878246629993795,4639.982635599691
ORD0639,2024-04-13,Keyboard,North,10,1901.1505915743255,CUST126,0.11075686034907674,16905.851210007633
ORD0640,2024-08-13,Laptop,East,2,299.6460282263938,CUST110,0.2390200928977836,456.04921344653854
ORD0641,2024-04-26,Laptop,South,8,308.3566753668126,CUST159,0.2653499285232594,1812.274028788472
ORD0642,2024-07-02,Keyboard,North,10,752.8277184045938,CUST099,0.19662612075909827,6048.021245347757
ORD0643,2024-05-23,Phone,South,10,592.0148472463391,CUST059,0.2849841886414184,4232.999763401678
ORD0644,2024-03-27,Keyboard,Central,9,887.4727641925592,CUST007,0.045344456116926155,7625.077149434963
ORD0645,2024-03-18,Tablet,North,1,1616.6392331871753,CUST157,0.19889832921369677,1295.0923907649342
ORD0646,2024-02-28,Phone,East,1,102.38130467763018,CUST099,0.15015551239528538,87.0081874140628
ORD0647,2024-08-03,Phone,East,6,171.14436975262018,CUST047,0.21148623097315597,809.6981522481741
ORD0648,2024-08-05,Laptop,Central,10,1321.025152040975,CUST189,0.2021013275945462,10540.442150277066
ORD0649,2024-11-18,Phone,Central,10,571.0679941266883,CUST059,0.2423508177922602,4326.691987350997
ORD0650,2024-02-08,Tablet,Central,7,554.2959552435443,CUST133,0.1396410484153148,3338.254408446772
ORD0651,2024-09-22,Phone,East,3,694.4887448024297,CUST071,0.1594279707840688,1751.3034404586099
ORD0652,2024-10-03,Phone,West,9,1048.3180827678343,CUST062,0.022172065070215317,9225.672354201803
ORD0653,2024-08-02,Monitor,North,4,191.19424411148623,CUST110,0.10711250833898738,682.8597961789131
ORD0654,2024-07-07,Phone,Central,10,356.90978416343563,CUST159,0.185356911468068,2907.5408889816645
ORD0655,2024-01-23,Laptop,North,4,1797.0686884036058,CUST130,0.015623178880468968,7075.971051296747
ORD0656,2024-12-04,Tablet,South,5,632.5350863428152,CUST083,0.15659205357249714,2667.425591078685
ORD0657,2024-05-07,Keyboard,South,4,285.99349354659006,CUST195,0.24396903743554976,864.8797448527935
ORD0658,2024-10-27,Keyboard,East,1,738.3596032676454,CUST087,0.20800976368679588,584.7735966760661
ORD0659,2024-02-13,Monitor,South,4,1109.4359848632344,CUST039,0.06934895296803026,4129.991043711654
ORD0660,2024-03-02,Tablet,North,5,1789.8461580815842,CUST122,0.08219499441461099,8213.648815575278
ORD0661,2024-11-02,Tablet,Central,8,785.9555332253593,CUST068,0.10923746528056698,5600.797943620677
ORD0662,2024-01-09,Monitor,Central,10,880.0334995372034,CUST071,0.07021118376705947,8182.453057800283
ORD0663,2024-12-22,Tablet,East,1,688.7245652058782,CUST030,0.045212625356182264,657.5855194656252
ORD0664,2024-11-22,Laptop,North,6,1323.7201120080706,CUST003,0.05227438499454764,7527.14074348761
ORD0665,2024-12-21,Keyboard,Central,9,1103.1530908908642,CUST106,0.1404285125590676,8534.1504889091
ORD0666,2024-12-02,Phone,North,9,518.5365875345203,CUST180,0.0499656081327255,4433.648324393608
ORD0667,2024-11-22,Monitor,Central,4,1599.8437815858927,CUST064,0.14614756386312433,5464.122041382185
ORD0668,2024-08-04,Tablet,Central,3,1050.9047495341956,CUST159,0.04911277891661251,2997.875690723714
ORD0669,2024-02-11,Tablet,Central,3,1495.3913204052128,CUST153,0.27604135660612333,3247.8044149906073
ORD0670,2024-06-08,Tablet,South,4,201.59831171472098,CUST122,0.2564798838723053,599.5696005491062
ORD0671,2024-11-10,Keyboard,South,6,1431.0608784456085,CUST064,0.1123596748769079,7621.604060486386
ORD0672,2024-07-06,Keyboard,South,9,1462.2011861692065,CUST009,0.11625643052782125,11629.898059964655
ORD0673,2024-06-17,Monitor,Central,5,1376.9985197387234,CUST193,0.04886865954159064,6548.532239441687
ORD0674,2024-12-18,Phone,South,1,1509.825899653031,CUST061,0.2881387762504486,1074.786512575774
ORD0675,2024-02-02,Keyboard,East,1,819.9630023616317,CUST148,0.053690706193231706,775.9386097125132
ORD0676,2024-01-19,Phone,Central,6,1115.8124513225785,CUST053,0.06408907850861377,6265.806357173262
ORD0677,2024-08-03,Monitor,North,4,1861.62092241583,CUST120,0.28397639080329073,5331.858127297159
ORD0678,2024-05-14,Laptop,East,2,369.529822924958,CUST078,0.19841588761099407,592.418470221138
ORD0679,2024-01-06,Laptop,East,8,445.2481951438417,CUST054,0.22492892062920786,2760.7919935842756
ORD0680,2024-04-21,Keyboard,South,9,565.6833244226048,CUST129,0.05410577599414834,4815.6893026899315
ORD0681,2024-06-13,Tablet,East,8,1371.5545858317444,CUST052,0.12045752654377961,9650.724103221395
ORD0682,2024-02-13,Phone,West,4,1602.8223308984773,CUST031,0.06795605929840573,5975.603366140525
ORD0683,2024-09-12,Monitor,North,8,1089.1385627736297,CUST049,0.08539911309217181,7969.016763826232
ORD0684,2024-10-25,Keyboard,North,9,429.72399786546856,CUST117,0.0774659477989394,3567.9151897098354
ORD0685,2024-02-26,Tablet,West,10,1879.260985613667,CUST085,0.0803295754714168,17283.007484393245
ORD0686,2024-04-08,Monitor,Central,10,267.37369816718353,CUST018,0.20175204227213955,2134.305085120997
ORD0687,2024-07-22,Laptop,West,7,578.4809422953037,CUST140,0.2516010090755867,3030.5418743796636
ORD0688,2024-02-08,Monitor,East,1,1610.8245717349816,CUST198,0.08406470373493019,1475.4110813431346
ORD0689,2024-03-20,Phone,West,5,1581.8861804371104,CUST121,0.2412721230900256,6001.105715981386
ORD0690,2024-03-09,Laptop,Central,2,1635.9167549158606,CUST010,0.0807101978403851,3007.763179952401
ORD0691,2024-03-01,Tablet,South,9,385.85786125883357,CUST041,0.04498659687958997,3316.494862814055
ORD0692,2024-05-07,Monitor,North,5,1230.6578333685975,CUST158,0.2748505827832812,4462.054053302141
ORD0693,2024-05-26,Laptop,Central,10,1286.1235190943412,CUST060,0.21928137631584724,10041.005837151532
ORD0694,2024-11-24,Tablet,West,5,1543.313151733034,CUST129,0.004477656508181005,7682.013627775076
ORD0695,2024-05-02,Tablet,Central,4,1169.4778436127774,CUST174,0.09116586616985135,4251.445532133474
ORD0696,2024-02-26,Keyboard,East,4,1278.6370444118256,CUST094,0.010104872539543829,5062.86632021482
ORD0697,2024-06-13,Tablet,North,7,585.2343395210736,CUST054,0.07098497014322672,3805.840481823654
ORD0698,2024-03-24,Tablet,East,8,1716.366311987992,CUST145,0.28636635795914506,9798.853938401768
ORD0699,2024-03-26,Laptop,East,10,1933.2384781720916,CUST142,0.06843068368630256,18009.456473821083
ORD0700,2024-08-23,Keyboard,East,9,1280.907362701862,CUST014,0.030154644670955952,11180.538506908584
ORD0701,2024-12-24,Tablet,West,6,1298.5682646238615,CUST006,0.022625224232145157,7615.127198735994
ORD0702,2024-07-17,Keyboard,Central,3,507.27762620009065,CUST088,0.04809638669435877,1448.638215986924
ORD0703,2024-08-28,Monitor,South,10,1428.5078697147828,CUST025,0.027786723751797002,13888.143161617501
ORD0704,2024-03-27,Keyboard,East,8,526.4741702462364,CUST044,0.1627234667208514,3526.4357449982813
ORD0705,2024-07-17,Keyboard,East,5,584.659962757248,CUST046,0.05017984521161226,2776.6090816233113
ORD0706,2024-12-10,Keyboard,Central,9,156.73183740767163,CUST044,0.1142988977470261,1249.358050350978
ORD0707,2024-01-27,Keyboard,East,10,876.5041476343114,CUST161,0.2951393336973273,6178.132975185769
ORD0708,2024-09-12,Keyboard,South,6,252.32047195518206,CUST102,0.1595016440258003,1272.449651141788
ORD0709,2024-06-13,Phone,Central,6,1998.0176335174071,CUST116,0.2688365797401052,8765.26443997301
ORD0710,2024-05-05,Tablet,North,7,1833.7138268848028,CUST184,0.23667051962225916,9798.094758462186
ORD0711,2024-06-19,Tablet,East,1,1090.5522098135718,CUST031,0.050388224707506035,1035.6012200102184
ORD0712,2024-12-17,Monitor,North,10,701.6130319157742,CUST017,0.29535581151715545,4943.875455032788
ORD0713,2024-01-14,Monitor,North,2,1512.197394067149,CUST093,0.16525621896822937,2524.5947407800045
ORD0714,2024-05-02,Keyboard,North,8,439.29723402234924,CUST081,0.07780152614457464,3240.953910274561
ORD0715,2024-07-26,Phone,West,9,558.8540916992224,CUST150,0.053989779937300454,4758.135140441893
ORD0716,2024-12-02,Phone,Central,3,525.0941508534784,CUST063,0.07918701563006399,1450.5405363677664
ORD0717,2024-04-22,Monitor,East,1,382.03102559819547,CUST016,0.17761219414061044,314.17765691191227
ORD0718,2024-01-07,Monitor,South,9,1272.6090468219948,CUST041,0.05301183796959164,10846.311320099077
ORD0719,2024-09-21,Tablet,West,1,1634.0792643747259,CUST040,0.27093329342700245,1191.352787556908
ORD0720,2024-10-05,Laptop,Central,9,439.430487061934,CUST172,0.06703215966913983,3689.7706124073948
ORD0721,2024-07-15,Laptop,West,3,1391.9024458870626,CUST100,0.21863880899025254,3262.735658663087
ORD0722,2024-09-19,Phone,East,1,1857.2357376111752,CUST071,0.2885594575008764,1321.3128007148543
ORD0723,2024-03-18,Tablet,North,7,1034.4295910840385,CUST171,0.21826661144200654,5660.537046239495
ORD0724,2024-09-08,Tablet,East,1,833.250755363791,CUST152,0.15343462668012306,705.4012367836172
ORD0725,2024-08-18,Monitor,Central,3,511.46294769747516,CUST083,0.250541809648492,1149.9602856395934
ORD0726,2024-08-07,Laptop,South,9,196.50854273200292,CUST126,0.08144280602410699,1624.5390204378043
ORD0727,2024-11-06,Phone,Central,4,312.6796313394867,CUST149,0.2692402823889314,913.9747164015055
ORD0728,2024-09-06,Phone,West,6,1906.028443106273,CUST170,0.08231019158878183,10494.85726068317
ORD0729,2024-12-07,Laptop,West,10,337.2315889787943,CUST126,0.28755333661987303,2402.5952035432038
ORD0730,2024-09-07,Phone,West,4,142.5757125420728,CUST017,0.059696496301210156,536.2577681826502
ORD0731,2024-12-19,Laptop,North,5,1777.6076988503373,CUST065,0.1308553816889036,7724.990824620715
ORD0732,2024-09-12,Phone,Central,8,1480.1525300218932,CUST189,0.18293340537843766,9675.065497803824
ORD0733,2024-05-23,Phone,East,7,1428.7221238437505,CUST075,0.0395033438435116,9605.97975770103
ORD0734,2024-07-11,Phone,South,4,695.9993924576293,CUST162,0.21414186007126068,2187.8271517931407
ORD0735,2024-06-26,Laptop,West,6,128.16829271455208,CUST091,0.2765782262440194,556.318401929022
ORD0736,2024-04-09,Monitor,North,5,1123.7689329968246,CUST124,0.014841062012266691,5535.455042873799
ORD0737,2024-01-28,Phone,West,2,913.0486335055768,CUST197,0.09020993050558697,1661.3651594576352
ORD0738,2024-12-17,Phone,North,4,633.1599059949973,CUST040,0.01862668002827964,2485.464956077172
ORD0739,2024-02-12,Phone,North,10,707.5440180400512,CUST161,0.18071249024930805,5796.819765790322
ORD0740,2024-04-12,Tablet,West,5,1587.8150417375937,CUST167,0.018797817565930297,7789.837921272852
ORD0741,2024-12-25,Phone,North,3,1027.125272714685,CUST071,0.2043379370845222,2451.7338400823674
ORD0742,2024-09-24,Keyboard,North,3,746.4375168221692,CUST027,0.08669529085882201,2045.1746975800033
ORD0743,2024-02-17,Tablet,East,6,962.8832450405512,CUST027,0.28000596374914444,4159.621164210408
ORD0744,2024-08-22,Tablet,East,10,1474.7991578874205,CUST057,0.20406834947198435,11738.393279346621
ORD0745,2024-11-18,Keyboard,North,4,1499.2822691912738,CUST114,0.289568394214246,4260.550040110663
ORD0746,2024-05-07,Phone,Central,8,107.48928402904284,CUST089,0.05376198268489204,813.6835760180959
ORD0747,2024-12-08,Phone,North,4,1841.6312458666607,CUST156,0.15617966991041007,6216.023543162033
ORD0748,2024-08-05,Monitor,Central,4,1901.6742104484065,CUST037,0.24982707926524356,5706.337986952172
ORD0749,2024-05-01,Monitor,East,1,1689.3868705474606,CUST197,0.10686616807106496,1508.8485693024852
ORD0750,2024-05-12,Tablet,West,1,437.13325728499865,CUST007,0.2750030543145389,316.92027638916085
ORD0751,2024-10-16,Tablet,East,9,1297.7321687064036,CUST062,0.12252794996544109,10248.51335823542
ORD0752,2024-09-23,Phone,West,3,1391.939603693894,CUST188,0.012678139260249754,4122.877198669218
ORD0753,2024-10-21,Keyboard,West,6,1007.3016040629814,CUST044,0.2095076694237032,4777.5851555339295
ORD0754,2024-07-10,Tablet,West,1,783.4311072000597,CUST060,0.144098392455315,670.5399440530435
ORD0755,2024-04-14,Phone,Central,4,827.1940323302368,CUST145,0.20706426163815747,2623.6468431771445
ORD0756,2024-06-02,Laptop,North,7,1568.4403805414202,CUST032,0.001347581273047227,10964.28745759698
ORD0757,2024-07-28,Monitor,Central,1,1843.1909113908087,CUST068,0.05048662773202437,1750.1344180083702
ORD0758,2024-01-01,Tablet,North,4,449.9914358709039,CUST198,0.26791546919841647,1317.7270767771263
ORD0759,2024-03-01,Phone,North,3,1775.6276339531664,CUST093,0.29847689266286614,3736.9314457335245
ORD0760,2024-06-27,Tablet,North,9,1132.2588096855752,CUST037,0.21607750270615136,7988.42838304509
ORD0761,2024-01-18,Monitor,South,5,1570.052568192671,CUST050,0.1319560879255711,6814.372867282351
ORD0762,2024-06-17,Tablet,East,8,1931.7078527864214,CUST114,0.2481673783001473,11618.567834548867
ORD0763,2024-12-21,Tablet,West,3,398.9108232168857,CUST139,0.07323708022882339,1109.087277758414
ORD0764,2024-01-17,Keyboard,West,6,478.66262177742516,CUST131,0.18916317618922818,2328.703679513665
ORD0765,2024-04-14,Laptop,West,1,475.0023200881784,CUST192,0.11885581255877516,418.54553336679453
ORD0766,2024-10-20,Tablet,West,8,1164.4116695015978,CUST148,0.0368591180306338,8971.939858713527
ORD0767,2024-10-08,Phone,East,3,1256.534959356642,CUST057,0.13047484028237935,3277.7662836760746
ORD0768,2024-07-21,Keyboard,South,3,273.4546120162562,CUST038,0.051911648779756535,777.7773967201912
ORD0769,2024-11-24,Phone,West,1,385.1681590897564,CUST109,0.0719019930492664,357.473800792086
ORD0770,2024-03-19,Tablet,South,7,1046.2885509721746,CUST197,0.04304788308777467,7008.736306276931
ORD0771,2024-01-13,Tablet,East,1,670.241517095538,CUST139,0.1042523345438206,600.3672742301361
ORD0772,2024-09-03,Phone,South,8,1892.618461461822,CUST017,0.09536497630034761,13697.031573911321
ORD0773,2024-02-18,Phone,West,10,1345.4495255717127,CUST198,0.0656777153592577,12570.834746009654
ORD0774,2024-02-13,Laptop,North,8,961.2097414741795,CUST055,0.19786447636119728,6168.163834432873
ORD0775,2024-11-15,Phone,West,3,1512.2910798845305,CUST199,0.25891781191913593,3362.195947488002
ORD0776,2024-02-20,Phone,Central,8,535.339832045039,CUST095,0.2876320523469744,3050.8714996067188
ORD0777,2024-03-28,Tablet,East,5,771.9277276301634,CUST026,0.026441747598398246,3757.583047459808
ORD0778,2024-08-20,Keyboard,North,7,1578.2075324303264,CUST048,0.1786395028485539,9073.941264115909
ORD0779,2024-07-17,Tablet,South,3,108.75154246398283,CUST080,0.13676705566434263,281.6337426066845
ORD0780,2024-02-04,Phone,North,6,1807.0724760344926,CUST108,0.23989510403415668,8241.387818393621
ORD0781,2024-11-05,Laptop,North,6,252.0920079519792,CUST008,0.23646004011674712,1154.8939298312573
ORD0782,2024-08-01,Phone,West,10,1791.0838437168084,CUST073,0.13268797875875632,15534.28548706561
ORD0783,2024-10-14,Tablet,West,8,1279.2042207342893,CUST195,0.08578226006851594,9355.769532724138
ORD0784,2024-01-01,Laptop,South,7,636.5396764257861,CUST125,0.18164174828540444,3646.4224772274647
ORD0785,2024-03-12,Phone,West,4,1602.4559997740373,CUST093,0.14718796679572876,5466.375037150719
ORD0786,2024-06-24,Phone,North,7,1764.3185233150728,CUST048,0.2535764120179403,9218.502737612322
ORD0787,2024-06-12,Monitor,West,8,1741.1616107229045,CUST102,0.18206067542282853,11393.316414835139
ORD0788,2024-04-07,Monitor,West,6,404.36991948634835,CUST026,0.22602204091871825,1877.8404299874367
ORD0789,2024-05-08,Phone,South,7,1947.8482381132242,CUST049,0.04704003308475955,12993.549747838013
ORD0790,2024-08-27,Monitor,Central,3,1960.4559071248323,CUST159,0.26451835847170585,4325.637986148037
ORD0791,2024-03-20,Keyboard,East,9,327.44981617646545,CUST073,0.2544794411587215,2197.085129535172
ORD0792,2024-03-17,Monitor,South,6,1910.6982356415144,CUST140,0.2039167165473598,9126.44955069998
ORD0793,2024-12-23,Tablet,Central,10,786.1313929779218,CUST175,0.16106570607910622,6595.125850969815
ORD0794,2024-07-08,Tablet,North,8,179.0247285572404,CUST155,0.002489651002379589,1428.632155698697
ORD0795,2024-09-20,Keyboard,East,5,1905.5955617802047,CUST126,0.05759856980725755,8979.179913953038
ORD0796,2024-08-02,Monitor,East,4,436.9583413500083,CUST131,0.07964049461240548,1608.6350516795094
ORD0797,2024-08-16,Laptop,East,3,114.6683732798992,CUST175,0.05764708217266899,324.1742284284797
ORD0798,2024-05-25,Laptop,West,1,556.5915218959465,CUST129,0.23002991137684545,428.55882344111836
ORD0799,2024-04-13,Laptop,Central,3,351.59213579952683,CUST016,0.1818063322365251,863.0113774398258
ORD0800,2024-01-05,Tablet,North,4,1613.2221208339574,CUST158,0.1837247478882297,5267.333173584094
ORD0801,2024-04-21,Tablet,South,5,997.8249396630663,CUST133,0.11013770489516007,4439.633954607123
ORD0802,2024-07-07,Tablet,Central,3,574.9345177301805,CUST051,0.19150589823279646,1394.4934994616679
ORD0803,2024-02-25,Laptop,East,4,329.80516942157203,CUST182,0.24442579375702092,996.7691164021421
ORD0804,2024-11-19,Monitor,East,4,1251.9421530993284,CUST065,0.2966504637051347,3522.2117314016314
ORD0805,2024-08-19,Laptop,East,1,1310.464672063218,CUST047,0.10187239592024461,1176.9644961513004
ORD0806,2024-11-21,Phone,Central,2,709.4446024827454,CUST082,0.03728995044405035,1365.9788968267296
ORD0807,2024-05-21,Tablet,South,8,1683.2541917437832,CUST086,0.04203600926597576,12899.975223541192
ORD0808,2024-01-09,Laptop,North,2,1521.9828362506003,CUST172,0.026027323820460888,2964.7393922446445
ORD0809,2024-01-27,Monitor,West,3,266.0355042977194,CUST185,0.2642939021908294,587.17182823671
ORD0810,2024-02-23,Tablet,West,5,1853.4807542492158,CUST193,0.1274195713002691,8086.555155647407
ORD0811,2024-08-18,Keyboard,East,5,1767.9114924112919,CUST058,0.2738913631704073,6418.479018950669
ORD0812,2024-07-09,Keyboard,North,8,338.9842687931301,CUST085,0.2585677946029168,2010.670832049665
ORD0813,2024-04-22,Keyboard,East,5,421.20340278092823,CUST099,0.2247340497001,1632.7232816325395
ORD0814,2024-02-10,Laptop,South,4,448.49382342326305,CUST130,0.19073227456357433,1451.80630541612
ORD0815,2024-08-16,Tablet,Central,10,1543.0574623465352,CUST164,0.09826205541882531,13914.334644670082
ORD0816,2024-06-10,Monitor,East,1,1932.6109701110533,CUST046,0.022992701108939948,1888.1750237154315
ORD0817,2024-06-15,Tablet,East,4,1009.463655777578,CUST051,0.15014106797595855,3431.6068176648682
ORD0818,2024-11-13,Phone,South,7,1734.930714189225,CUST185,0.11601319122713771,10735.591058347092
ORD0819,2024-02-26,Monitor,Central,7,1652.0038136923934,CUST174,0.024637513784271623,11279.117828726145
ORD0820,2024-07-16,Phone,West,9,1767.3920550419532,CUST180,0.26977011225492986,11615.42251759333
ORD0821,2024-01-03,Laptop,East,7,492.00048022048617,CUST186,0.24593276422122975,2597.0100948518266
ORD0822,2024-12-26,Laptop,South,5,282.80220626564176,CUST105,0.051447439501878967,1341.2637843389614
ORD0823,2024-04-24,Laptop,Central,2,1077.9240647334525,CUST174,0.2816288472670992,1548.6991058822086
ORD0824,2024-01-24,Monitor,Central,1,390.78860754708046,CUST159,0.08618948432880819,357.1067389810246
ORD0825,2024-11-07,Laptop,West,3,759.202684624582,CUST132,0.03169574350809766,2205.4175731861865
ORD0826,2024-01-04,Keyboard,East,6,805.9794561303428,CUST007,0.17780937423428705,3976.0125203406933
ORD0827,2024-10-10,Laptop,Central,5,569.1554895855222,CUST105,0.12743542408915495,2483.124591987603
ORD0828,2024-12-15,Keyboard,East,2,1754.2015726693912,CUST087,0.21063904344302825,2769.3964627921096
ORD0829,2024-07-18,Laptop,West,2,786.8595254924442,CUST146,0.08016424489117813,1447.5630515918233
ORD0830,2024-07-24,Tablet,South,3,133.25208172537495,CUST006,0.08901538090311874,364.17179074337156
ORD0831,2024-02-22,Phone,North,7,1365.1186747848674,CUST035,0.06253494014158555,8958.257421197246
ORD0832,2024-10-10,Tablet,West,4,792.778743188648,CUST005,0.011153288860330879,3135.74661145414
ORD0833,2024-09-21,Monitor,West,6,640.5727588442245,CUST129,0.1671428197424796,3201.0337300846886
ORD0834,2024-11-14,Laptop,South,2,1290.827404516934,CUST182,0.07516850256098064,2387.5956829094375
ORD0835,2024-08-10,Laptop,North,3,416.1610848420198,CUST188,0.038752997070421236,1200.100786620941
ORD0836,2024-08-25,Laptop,East,3,1905.9479946402832,CUST168,0.15204900723463202,4848.451482643171
ORD0837,2024-06-18,Keyboard,South,9,896.7913152104036,CUST160,0.05658389489725548,7614.4263271719
ORD0838,2024-03-07,Phone,North,3,1285.1650874975699,CUST038,0.21593643013165742,3022.9533791205163
ORD0839,2024-11-14,Phone,North,1,877.9691775869976,CUST180,0.07842206514596566,809.1170215461202
ORD0840,2024-10-16,Laptop,South,3,261.40582402363776,CUST112,0.2921186770652932,555.1329015980696
ORD0841,2024-08-27,Laptop,South,9,781.8421505921598,CUST172,0.06318594722940864,6591.966423508046
ORD0842,2024-08-27,Laptop,Central,5,567.3304509541576,CUST060,0.07454878041841863,2625.183288706469
ORD0843,2024-02-12,Phone,North,1,1460.13711910302,CUST048,0.25017706066672096,1094.8443064754526
ORD0844,2024-04-22,Tablet,North,9,1301.1724556413128,CUST104,0.24648937500446302,8824.02543249537
ORD0845,2024-10-10,Tablet,Central,8,412.7908782196664,CUST022,0.03416510184670011,3189.502686591222
ORD0846,2024-10-27,Keyboard,East,4,437.46939182704796,CUST060,0.2513514166660311,1310.0433617731696
ORD0847,2024-12-09,Phone,North,4,1446.3944582568292,CUST113,0.02080161594478912,5665.228464925997
ORD0848,2024-01-02,Tablet,South,6,1594.95753644744,CUST125,0.11299581333084951,8488.40407433036
ORD0849,2024-04-26,Laptop,West,5,447.56325618064943,CUST004,0.13293297263635484,1940.3367104687466
ORD0850,2024-03-02,Monitor,South,5,918.1550893285969,CUST094,0.020512185234365533,4496.608610312066
ORD0851,2024-01-11,Monitor,East,6,1628.0410332091747,CUST111,0.12588761852196928,8538.544948094554
ORD0852,2024-01-22,Tablet,East,1,897.4562169618474,CUST192,0.17382288060195267,741.4577921154081
ORD0853,2024-02-09,Laptop,East,9,981.3765419269117,CUST028,0.11768869915934596,7792.9165198983255
ORD0854,2024-09-17,Monitor,North,3,1924.3755171314149,CUST118,0.2529945848397479,4312.556796296932
ORD0855,2024-12-15,Laptop,West,8,1421.417371743056,CUST193,0.04927780726475336,10810.984323644236
ORD0856,2024-05-09,Monitor,East,1,1105.5204894719004,CUST007,0.08438561018040626,1012.2304684008727
ORD0857,2024-09-16,Phone,South,7,383.16270172377295,CUST080,0.16949329413513756,2227.5343525322405
ORD0858,2024-08-09,Phone,West,2,1826.7631955329055,CUST077,0.15494392642997076,3087.434666718553
ORD0859,2024-11-23,Laptop,North,8,451.6657040183538,CUST072,0.25253745408573597,2700.8255762217373
ORD0860,2024-04-19,Monitor,Central,9,385.3021086953557,CUST016,0.2868622411409408,2472.9613405080804
ORD0861,2024-04-24,Tablet,East,7,1411.0457664879377,CUST055,0.033478376800924727,9546.643712438734
ORD0862,2024-04-05,Phone,Central,3,1148.4237433201042,CUST188,0.17824707461624126,2831.1617119603875
ORD0863,2024-06-25,Keyboard,West,4,473.39741991895687,CUST028,0.22713662321116693,1463.486114086745
ORD0864,2024-07-21,Laptop,South,7,1140.253316928871,CUST170,0.1578512726936031,6721.840157609825
ORD0865,2024-11-23,Phone,North,4,640.9621271170547,CUST038,0.1707237040225089,2126.1387945499396
ORD0866,2024-02-04,Tablet,North,10,1039.0609514438102,CUST106,0.1943564109073862,8371.127942071773
ORD0867,2024-02-28,Tablet,South,6,194.71726784842252,CUST053,0.13612361511162188,1009.2698965454235
ORD0868,2024-08-03,Tablet,South,7,225.43869374495046,CUST148,0.1444426195461377,1350.1301679135925
ORD0869,2024-09-08,Monitor,East,1,1700.3559770637441,CUST130,0.015594363278582523,1673.840008254503
ORD0870,2024-01-02,Phone,South,2,1586.143439708513,CUST149,0.11957300685745753,2792.9669986306712
ORD0871,2024-04-04,Monitor,North,3,1889.1266199981137,CUST187,0.05883613015395856,5333.933160919791
ORD0872,2024-11-13,Monitor,East,1,605.6995043271722,CUST154,0.09195409114040291,550.0029569025746
ORD0873,2024-05-12,Phone,North,8,740.6753435410195,CUST081,0.22969075459312113,4564.392519796508
ORD0874,2024-07-13,Keyboard,North,3,192.97133977916042,CUST187,0.011891959838963505,572.029597069307
ORD0875,2024-08-09,Monitor,South,3,308.58059484920216,CUST138,0.2739131023556487,672.1689803619171
ORD0876,2024-04-05,Keyboard,South,4,634.6004305210871,CUST007,0.028923932100759973,2464.981163030329
ORD0877,2024-08-18,Phone,North,7,1184.7533060611204,CUST040,0.2648159205430593,6097.0823809007825
ORD0878,2024-01-24,Phone,West,8,483.12074426520513,CUST153,0.11214180994266182,3431.541676659673
ORD0879,2024-10-06,Laptop,Central,5,646.5707794371237,CUST128,0.07005417008709915,3006.3790004054363
ORD0880,2024-04-23,Tablet,East,9,1839.385825617389,CUST117,0.18075423182883069,13562.181483039705
ORD0881,2024-09-11,Laptop,North,8,895.8447692805303,CUST137,0.18164505602163986,5864.951967823003
ORD0882,2024-11-19,Laptop,East,10,1649.3567919039713,CUST166,0.13190077697749072,14318.053495387361
ORD0883,2024-09-10,Tablet,Central,1,172.21668701545147,CUST066,0.2909348646468923,122.11284848867487
ORD0884,2024-01-09,Tablet,South,6,1511.5649016336952,CUST007,0.09736260276426074,8186.370051381208
ORD0885,2024-08-04,Monitor,West,7,1480.127441414817,CUST030,0.16282825162523293,8673.84614562699
ORD0886,2024-09-13,Phone,Central,10,982.4488139342559,CUST167,0.24951587303827377,7373.122404100333
ORD0887,2024-08-17,Keyboard,South,7,1176.7845484538973,CUST130,0.12583190844061934,7200.952520289577
ORD0888,2024-07-13,Laptop,South,1,1055.4006920722013,CUST057,0.16285272122691122,883.5258173834779
ORD0889,2024-12-14,Keyboard,North,8,350.5577703530464,CUST072,0.025976772744624,2731.611286549786
ORD0890,2024-03-05,Phone,South,4,551.169465849315,CUST026,0.2987087105283077,1546.12138169156
ORD0891,2024-10-28,Phone,East,4,1539.9579467404521,CUST197,0.10328300987506353,5523.625819680302
ORD0892,2024-06-01,Phone,East,2,580.0503628973854,CUST063,0.12827065208952718,1011.2938492075418
ORD0893,2024-03-03,Phone,East,6,205.16314096555442,CUST103,0.1463940044406373,1050.7709231759275
ORD0894,2024-12-12,Monitor,South,10,946.632112035275,CUST187,0.19603406597199455,7610.599701333434
ORD0895,2024-06-22,Phone,West,3,429.98671622006077,CUST029,0.07636465359655271,1191.4527887543898
ORD0896,2024-08-02,Keyboard,East,10,1563.545050451492,CUST007,0.019077974442472556,15337.157779393241
ORD0897,2024-02-18,Laptop,East,9,171.85355481132905,CUST113,0.15843089985974093,1301.639773306274
ORD0898,2024-04-15,Keyboard,East,5,793.5315233888897,CUST183,0.008904498207277277,3932.3276168072766
ORD0899,2024-06-07,Monitor,East,4,250.67065879781453,CUST016,0.10186620951377247,900.5431557990439
ORD0900,2024-01-27,Keyboard,North,5,243.17735109241875,CUST132,0.0005077228474427597,1215.2694219764428
ORD0901,2024-07-06,Monitor,South,4,1087.4258324212099,CUST161,0.2987305691263438,3050.313978477335
ORD0902,2024-11-03,Laptop,South,6,643.3115886965014,CUST093,0.09084217204499202,3509.23060006558
ORD0903,2024-08-23,Monitor,North,4,497.71062870665315,CUST139,0.18742941638589325,1617.7000641564366
ORD0904,2024-01-06,Monitor,South,9,1594.3843191571914,CUST024,0.02552597658738215,13983.174921195861
ORD0905,2024-10-19,Laptop,Central,2,1791.5035793096226,CUST044,0.0561828945770328,3381.703445157786
ORD0906,2024-03-10,Keyboard,West,2,1581.3929774342557,CUST071,0.019643616484914937,3100.657400547199
ORD0907,2024-10-08,Phone,West,5,1386.7213339246523,CUST184,0.18447199256324417,5654.5504316280585
ORD0908,2024-07-16,Monitor,South,2,1837.6765715632732,CUST184,0.15017293998973624,3123.414556122715
ORD0909,2024-05-17,Monitor,South,9,1113.485695823522,CUST014,0.19074878359215877,8109.80688418125
ORD0910,2024-01-22,Phone,North,3,1402.0088805505713,CUST085,0.0924274242554939,3817.274432813861
ORD0911,2024-08-11,Phone,South,8,1629.5550938812344,CUST016,0.23287156128519665,10000.624439750929
ORD0912,2024-08-06,Tablet,West,5,375.9562409322943,CUST053,0.11474138723484728,1664.092501540622
ORD0913,2024-09-07,Phone,East,8,1039.788937554315,CUST123,0.012434922196885545,8214.873944117158
ORD0914,2024-06-28,Tablet,East,3,1578.3455717037461,CUST141,0.25303317879332043,3536.91532338356
ORD0915,2024-06-26,Laptop,West,9,637.3969253495525,CUST071,0.07886999498150199,5284.128897414076
ORD0916,2024-05-09,Monitor,South,6,1161.8765012794736,CUST069,0.20810801335236825,5520.484145024411
ORD0917,2024-03-28,Tablet,West,4,758.0864410470166,CUST176,0.15705546964009226,2556.099276082365
ORD0918,2024-10-26,Monitor,Central,5,903.4600825429852,CUST047,0.18501854426109182,3681.516066364381
ORD0919,2024-06-18,Tablet,South,9,624.4841161092684,CUST035,0.2188011534761617,4390.616440593172
ORD0920,2024-09-03,Tablet,South,1,403.1289282866286,CUST149,0.17534744229306665,332.44130179722316
ORD0921,2024-11-10,Tablet,West,2,255.12603929563215,CUST059,0.006290226668195853,507.04247735900714
ORD0922,2024-09-17,Laptop,West,5,628.8487314548269,CUST041,0.029479759866763686,3051.552109295098
ORD0923,2024-06-06,Keyboard,East,3,1192.2501548025648,CUST025,0.02362972955934779,3492.2328182324686
ORD0924,2024-06-18,Phone,North,10,1972.0706659468153,CUST004,0.2916654903409661,13968.857081764017
ORD0925,2024-04-19,Keyboard,North,2,1687.570913115286,CUST004,0.04878716229848685,3210.4782341738496
ORD0926,2024-02-16,Keyboard,Central,9,1348.618605627518,CUST176,0.1764126145706102,9996.347442151773
ORD0927,2024-04-16,Keyboard,South,8,928.5512011007759,CUST139,0.005413452304673172,7388.196267689359
ORD0928,2024-08-07,Keyboard,North,5,665.8074925987797,CUST144,0.15582014971266508,2810.3063471111186
ORD0929,2024-10-22,Monitor,Central,3,349.6075372754128,CUST017,0.2752039570709259,760.1824787861939
ORD0930,2024-06-20,Tablet,West,3,1869.053280195287,CUST019,0.20768512583400536,4442.636143522405
ORD0931,2024-03-05,Tablet,East,5,1421.5462184619153,CUST180,0.06492285854982845,6646.276871993344
ORD0932,2024-09-27,Tablet,Central,2,146.39345849506338,CUST115,0.059732388165171596,275.29805521478863
ORD0933,2024-03-08,Keyboard,East,10,538.8824540410963,CUST162,0.1265910648059178,4706.647503788077
ORD0934,2024-04-07,Laptop,West,5,1242.7800086487268,CUST038,0.12250356189602415,5452.67515468043
ORD0935,2024-10-06,Laptop,East,9,1485.9550241710065,CUST200,0.03980411783693918,12841.271057596607
ORD0936,2024-08-11,Monitor,North,8,1456.959295172763,CUST130,0.24607115382798941,8787.549122633496
ORD0937,2024-03-03,Monitor,South,10,1958.6015838163867,CUST132,0.10784510962271777,17473.7598130248
ORD0938,2024-03-03,Tablet,North,7,1646.9284216606088,CUST189,0.2510442928064823,8634.335085193476
ORD0939,2024-07-09,Phone,North,10,1778.3891959409898,CUST168,0.06793568085733949,16575.731150854022
ORD0940,2024-09-19,Tablet,North,1,1179.5468803142164,CUST127,0.27509749073421386,855.0564933364054
ORD0941,2024-06-04,Monitor,South,1,1267.684471935712,CUST068,0.25314923901504793,946.7711125539937
ORD0942,2024-10-04,Tablet,Central,7,1725.1570724349542,CUST164,0.10433770267355895,10816.10702722234
ORD0943,2024-09-21,Tablet,West,9,1077.2797392728514,CUST052,0.2239623459859572,7524.08677423947
ORD0944,2024-06-08,Phone,East,6,632.832190127768,CUST051,0.23873129693994286,2890.532043799328
ORD0945,2024-11-13,Phone,Central,10,742.7125320082669,CUST169,0.23659039570179652,5669.938801677478
ORD0946,2024-10-03,Monitor,Central,6,1575.21939395756,CUST126,0.28785570149478557,6730.701061810293
ORD0947,2024-07-14,Tablet,North,6,856.4476461007995,CUST135,0.11195994759416565,4563.358875157245
ORD0948,2024-05-22,Keyboard,West,7,629.9353024583772,CUST105,0.1389366591863285,3796.8993722189666
ORD0949,2024-02-20,Laptop,West,5,1782.5715159432807,CUST038,0.2557225971372582,6633.638491516827
ORD0950,2024-09-24,Laptop,West,4,933.1075822899313,CUST181,0.13321921625728056,3235.198885974163
ORD0951,2024-04-14,Phone,South,2,1322.3970453092131,CUST026,0.1655322451112398,2206.9953869414185
ORD0952,2024-10-14,Monitor,West,8,319.04089891576393,CUST120,0.247230148518998,1921.3149607454798
ORD0953,2024-12-07,Monitor,North,7,1909.242593740764,CUST138,0.18866353250356574,10843.266991195529
ORD0954,2024-08-28,Tablet,North,5,1429.0884955352767,CUST042,0.1753284643071256,5892.643021270481
ORD0955,2024-08-02,Laptop,West,9,1610.0644911326585,CUST001,0.21620625362043167,11357.626314758218
ORD0956,2024-09-28,Keyboard,West,4,526.2083206217252,CUST008,0.14177986098674267,1806.4103122956387
ORD0957,2024-05-04,Tablet,West,10,1675.671486466878,CUST034,0.20230286942010237,13366.783365491803
ORD0958,2024-09-17,Keyboard,East,10,898.0137613685642,CUST003,0.1321259030833142,7793.628821664988
ORD0959,2024-02-11,Keyboard,North,10,1012.9057262394766,CUST101,0.10759571587334084,9039.21409512534
ORD0960,2024-07-17,Monitor,West,5,1888.1559321386017,CUST090,0.2470181763023055,7108.735486036722
ORD0961,2024-06-16,Monitor,East,9,126.52345711714709,CUST132,0.2940387004357073,803.885977906094
ORD0962,2024-09-17,Keyboard,East,2,1885.5632872619717,CUST067,0.08804843114320934,3439.084795994645
ORD0963,2024-04-19,Monitor,North,7,1755.8003385930497,CUST174,0.23799228402019973,9365.533840094948
ORD0964,2024-06-10,Monitor,Central,9,641.0427913465398,CUST067,0.011591961435152552,5702.506632278714
ORD0965,2024-04-16,Tablet,East,5,1342.4010640696317,CUST200,0.2360469028522003,5127.657252552485
ORD0966,2024-05-28,Keyboard,Central,5,1180.5430605278152,CUST051,0.17376277493967796,4877.0431119736095
ORD0967,2024-04-27,Tablet,West,6,1211.6684897732814,CUST018,0.22294691244760756,5649.184446409637
ORD0968,2024-09-14,Monitor,North,4,619.0038244521091,CUST116,0.23729941580475003,1888.4583141148705
ORD0969,2024-12-05,Monitor,West,6,341.9858784640474,CUST031,0.2686637955016437,1500.6399260875955
ORD0970,2024-10-17,Monitor,South,7,1410.6290188478176,CUST130,0.16841099767593512,8211.445049031217
ORD0971,2024-11-04,Tablet,East,3,1397.5944587101692,CUST085,0.1723521145209497,3470.148295526128
ORD0972,2024-12-26,Phone,West,10,1136.3236937595389,CUST086,0.20755819037907816,9004.704041979392
ORD0973,2024-05-24,Laptop,South,4,1022.3956053879486,CUST109,0.08841708772629703,3727.993453821527
ORD0974,2024-08-27,Tablet,East,2,1618.344106803106,CUST170,0.14006738707123048,2783.333752762141
ORD0975,2024-03-09,Keyboard,Central,7,485.73412082402365,CUST176,0.06895731492680361,3165.6744005856717
ORD0976,2024-03-20,Laptop,West,10,140.37078765088876,CUST096,0.254487881051599,1046.4812334007013
ORD0977,2024-06-18,Keyboard,Central,4,606.0727725270904,CUST095,0.2263204784708029,1875.624370642533
ORD0978,2024-10-18,Monitor,Central,9,1679.8347806078361,CUST061,0.0742253478419538,13996.336137301867
ORD0979,2024-07-25,Phone,East,2,137.90166806925646,CUST005,0.030698055147676026,267.3367101158198
ORD0980,2024-04-25,Keyboard,East,9,1133.0833947220144,CUST150,0.26404539176078545,7505.081512784995
ORD0981,2024-12-05,Tablet,East,8,1549.7538685944635,CUST060,0.19925829816695384,9927.620401285421
ORD0982,2024-01-17,Monitor,West,5,780.6837497818822,CUST034,0.29645894297473574,2746.215352619962
ORD0983,2024-03-09,Monitor,South,3,427.42731547269824,CUST128,0.08010794374914398,1179.560976383891
ORD0984,2024-05-22,Phone,Central,3,265.9877001285089,CUST011,0.2678768268608139,584.2072771022348
ORD0985,2024-12-04,Monitor,South,1,1842.0449437762948,CUST092,0.2627630882601124,1358.0235256357105
ORD0986,2024-02-18,Phone,West,3,1189.0371089438886,CUST029,0.13033283825896338,3102.199583219998
ORD0987,2024-05-24,Keyboard,East,4,1377.6256694094848,CUST005,0.012531347988099994,5441.448650995101
ORD0988,2024-09-13,Monitor,North,5,1891.6170052044954,CUST113,0.17411937091553767,7811.249211225776
ORD0989,2024-08-27,Tablet,North,3,396.8041644200543,CUST178,0.18361232670626734,971.8380856324555
ORD0990,2024-06-06,Tablet,Central,9,718.0389565214882,CUST194,0.23250304377420544,4959.83442223609
ORD0991,2024-09-23,Tablet,West,9,690.7210903717724,CUST177,0.0647587245097649,5813.917862105722
ORD0992,2024-08-06,Tablet,North,7,1405.1526153752611,CUST170,0.2085998606506385,7784.26582930571
ORD0993,2024-02-18,Phone,West,7,1755.8441651437065,CUST183,0.2124173971520273,9680.106224455141
ORD0994,2024-06-26,Monitor,Central,7,850.9835532096544,CUST149,0.07922513291923898,5484.9498766617335
ORD0995,2024-01-24,Phone,West,5,294.53740881982554,CUST122,0.2946149034670949,1038.811492764622
ORD0996,2024-07-05,Tablet,East,8,1417.460362491749,CUST165,0.05471014103011016,10719.287249241876
ORD0997,2024-01-17,Monitor,Central,3,1406.6844774338765,CUST018,0.053169570153630503,3995.6750052807984
ORD0998,2024-05-18,Keyboard,North,5,1324.3652586446094,CUST161,0.208494119149928,5241.214453053675
ORD0999,2024-02-25,Laptop,South,4,297.12921736020405,CUST038,0.02832754917694874,1154.8490993740982
